date,product_type,quantity_produced,Hides_kg,Chrome_Chemicals_L,Dyes_kg,Salt_kg
2024-01-01,Belt,112.0,49.05,14.75,8.38,12.11
2024-01-01,Bag,128.0,128.59,47.82,22.76,35.43
2024-01-01,Shoe Leather,154.0,108.21,37.65,17.04,35.58
2024-01-01,Jacket Leather,135.0,256.13,85.9,35.0,73.43
2024-01-01,Wallet,100.0,32.66,10.86,5.44,7.88
2024-01-01,Custom,37.0,50.06,18.64,6.99,12.78
2024-01-02,Belt,79.0,32.28,12.0,5.79,8.27
2024-01-02,Bag,40.0,47.31,18.06,7.0,10.35
2024-01-02,Shoe Leather,70.0,44.78,17.8,7.66,15.09
2024-01-02,Jacket Leather,31.0,57.6,23.3,8.06,17.59
2024-01-02,Wallet,26.0,8.84,2.61,1.57,1.95
2024-01-02,Custom,149.0,212.76,76.45,32.21,51.74
2024-01-03,Belt,65.0,25.92,9.37,4.63,7.6
2024-01-03,Bag,94.0,102.85,39.52,17.06,26.08
2024-01-03,Shoe Leather,60.0,38.79,14.93,5.64,12.38
2024-01-03,Jacket Leather,134.0,255.5,81.9,38.73,75.78
2024-01-03,Wallet,163.0,59.04,17.65,10.46,13.85
2024-01-03,Custom,48.0,70.53,23.37,9.33,14.98
2024-01-04,Belt,153.0,65.18,22.33,11.0,15.4
2024-01-04,Bag,54.0,58.46,20.56,9.35,15.52
2024-01-04,Shoe Leather,145.0,98.93,39.47,15.13,27.64
2024-01-04,Jacket Leather,177.0,323.56,123.99,45.89,95.73
2024-01-04,Wallet,153.0,53.29,16.32,8.42,13.77
2024-01-04,Custom,85.0,109.72,37.07,18.53,30.86
2024-01-05,Belt,182.0,68.53,25.41,12.06,18.89
2024-01-05,Bag,186.0,202.91,81.56,33.2,48.36
2024-01-05,Shoe Leather,134.0,86.23,35.73,15.16,30.58
2024-01-05,Jacket Leather,112.0,211.8,77.02,30.22,63.13
2024-01-05,Wallet,171.0,55.05,16.79,9.44,14.23
2024-01-05,Custom,178.0,233.08,91.88,38.98,57.34
2024-01-06,Belt,135.0,58.09,17.63,10.54,13.58
2024-01-06,Bag,26.0,28.5,9.8,4.13,7.74
2024-01-06,Shoe Leather,150.0,105.87,40.7,15.64,32.0
2024-01-06,Jacket Leather,82.0,152.65,54.63,21.06,47.44
2024-01-06,Wallet,83.0,29.18,9.06,4.93,6.25
2024-01-06,Custom,107.0,133.96,50.42,22.28,39.28
2024-01-07,Belt,184.0,71.01,27.05,13.8,18.79
2024-01-07,Bag,69.0,81.4,27.7,11.37,19.94
2024-01-07,Shoe Leather,34.0,22.39,8.43,3.92,7.77
2024-01-07,Jacket Leather,109.0,208.39,69.02,32.42,59.01
2024-01-07,Wallet,121.0,38.87,11.66,7.69,10.77
2024-01-07,Custom,32.0,41.59,15.83,6.93,11.84
2024-01-08,Belt,71.0,30.74,10.25,4.53,6.92
2024-01-08,Bag,166.0,185.62,69.33,26.52,48.99
2024-01-08,Shoe Leather,155.0,94.33,38.79,16.53,34.05
2024-01-08,Jacket Leather,185.0,354.57,131.98,47.28,96.43
2024-01-08,Wallet,150.0,49.81,16.74,9.25,11.87
2024-01-08,Custom,174.0,215.1,79.59,33.07,56.14
2024-01-09,Belt,57.0,25.81,8.01,4.36,5.94
2024-01-09,Bag,42.0,45.97,17.76,6.98,10.74
2024-01-09,Shoe Leather,76.0,52.13,20.99,8.55,14.61
2024-01-09,Jacket Leather,171.0,379.84,127.68,50.25,89.79
2024-01-09,Wallet,56.0,20.86,5.84,3.62,5.07
2024-01-09,Custom,123.0,159.26,56.51,26.46,40.36
2024-01-10,Belt,133.0,53.39,18.39,10.1,15.4
2024-01-10,Bag,173.0,170.54,72.7,31.34,43.06
2024-01-10,Shoe Leather,156.0,101.94,40.67,17.77,30.52
2024-01-10,Jacket Leather,174.0,358.19,113.61,46.29,89.3
2024-01-10,Wallet,154.0,57.03,16.31,9.04,13.46
2024-01-10,Custom,80.0,98.11,36.73,14.43,29.47
2024-01-11,Belt,146.0,58.53,18.83,10.48,13.93
2024-01-11,Bag,155.0,154.96,70.14,27.28,45.01
2024-01-11,Shoe Leather,66.0,40.74,19.15,6.8,12.91
2024-01-11,Jacket Leather,31.0,67.6,20.14,8.72,15.5
2024-01-11,Wallet,117.0,37.37,12.17,7.18,8.91
2024-01-11,Custom,147.0,218.82,69.35,28.27,53.25
2024-01-12,Belt,78.0,31.7,11.6,5.22,7.71
2024-01-12,Bag,77.0,89.59,33.14,12.48,19.45
2024-01-12,Shoe Leather,26.0,17.17,6.51,2.46,5.03
2024-01-12,Jacket Leather,124.0,259.69,84.87,34.66,66.16
2024-01-12,Wallet,104.0,34.73,10.38,5.91,9.0
2024-01-12,Custom,182.0,237.52,78.07,33.2,59.5
2024-01-13,Belt,186.0,79.87,26.1,12.0,19.65
2024-01-13,Bag,58.0,60.44,23.59,9.81,14.12
2024-01-13,Shoe Leather,83.0,61.44,21.37,7.9,19.24
2024-01-13,Jacket Leather,106.0,232.36,74.85,26.65,52.18
2024-01-13,Wallet,26.0,8.07,2.84,1.69,2.2
2024-01-13,Custom,176.0,241.46,76.16,37.47,64.05
2024-01-14,Belt,35.0,13.98,5.4,2.67,3.45
2024-01-14,Bag,144.0,146.72,57.87,21.44,40.03
2024-01-14,Shoe Leather,94.0,65.83,24.65,10.27,19.1
2024-01-14,Jacket Leather,122.0,237.26,76.64,34.46,67.97
2024-01-14,Wallet,158.0,48.59,16.43,10.21,13.14
2024-01-14,Custom,110.0,157.27,55.33,24.38,36.95
2024-01-15,Belt,106.0,42.22,16.35,8.06,11.07
2024-01-15,Bag,36.0,40.56,13.86,5.72,9.72
2024-01-15,Shoe Leather,96.0,70.0,24.96,11.01,19.84
2024-01-15,Jacket Leather,144.0,320.49,105.13,37.62,85.19
2024-01-15,Wallet,133.0,45.3,14.09,7.15,10.02
2024-01-15,Custom,144.0,187.03,69.99,30.23,51.99
2024-01-16,Belt,73.0,27.59,11.25,5.67,8.55
2024-01-16,Bag,128.0,137.02,57.14,20.44,31.86
2024-01-16,Shoe Leather,89.0,63.26,25.85,10.17,20.24
2024-01-16,Jacket Leather,173.0,365.75,106.9,49.83,97.36
2024-01-16,Wallet,29.0,9.88,2.88,1.73,2.56
2024-01-16,Custom,98.0,140.88,50.31,21.54,35.1
2024-01-17,Belt,84.0,36.14,11.82,5.78,9.29
2024-01-17,Bag,101.0,105.39,41.02,15.77,26.78
2024-01-17,Shoe Leather,132.0,81.31,32.72,12.8,28.75
2024-01-17,Jacket Leather,26.0,53.83,16.41,6.75,13.72
2024-01-17,Wallet,155.0,56.85,15.4,9.98,11.4
2024-01-17,Custom,161.0,219.67,72.66,28.97,59.69
2024-01-18,Belt,164.0,68.24,25.44,11.62,17.83
2024-01-18,Bag,37.0,37.78,16.62,6.26,9.63
2024-01-18,Shoe Leather,182.0,134.92,53.96,17.43,37.61
2024-01-18,Jacket Leather,154.0,320.73,99.88,38.82,82.51
2024-01-18,Wallet,183.0,58.69,18.36,10.42,14.26
2024-01-18,Custom,156.0,220.25,74.07,29.97,56.85
2024-01-19,Belt,158.0,59.94,20.28,12.19,16.42
2024-01-19,Bag,65.0,76.06,24.21,11.48,17.65
2024-01-19,Shoe Leather,29.0,17.71,7.6,3.26,6.75
2024-01-19,Jacket Leather,175.0,346.6,125.67,46.24,101.27
2024-01-19,Wallet,175.0,63.96,18.39,10.1,13.71
2024-01-19,Custom,71.0,103.97,35.79,15.78,26.9
2024-01-20,Belt,178.0,74.74,26.38,13.27,18.39
2024-01-20,Bag,97.0,103.65,36.71,17.48,26.78
2024-01-20,Shoe Leather,186.0,137.07,53.06,17.79,37.43
2024-01-20,Jacket Leather,58.0,121.78,39.56,16.53,31.37
2024-01-20,Wallet,35.0,12.67,4.05,1.87,3.04
2024-01-20,Custom,148.0,184.29,62.54,31.15,51.69
2024-01-21,Belt,81.0,35.36,12.36,5.83,9.41
2024-01-21,Bag,67.0,73.98,26.98,10.9,19.71
2024-01-21,Shoe Leather,69.0,47.39,18.41,7.92,13.94
2024-01-21,Jacket Leather,115.0,251.24,85.68,28.68,67.65
2024-01-21,Wallet,88.0,31.54,8.4,4.65,7.39
2024-01-21,Custom,132.0,183.08,58.5,23.94,41.35
2024-01-22,Belt,180.0,75.44,24.87,13.24,17.76
2024-01-22,Bag,137.0,143.08,61.03,22.39,38.3
2024-01-22,Shoe Leather,176.0,122.51,44.76,19.88,35.99
2024-01-22,Jacket Leather,169.0,320.21,105.19,42.02,90.66
2024-01-22,Wallet,101.0,37.36,9.85,5.73,8.0
2024-01-22,Custom,47.0,67.2,22.57,8.51,17.2
2024-01-23,Belt,78.0,31.32,9.86,5.95,7.54
2024-01-23,Bag,109.0,109.72,41.98,17.4,29.31
2024-01-23,Shoe Leather,48.0,32.1,12.99,5.39,9.24
2024-01-23,Jacket Leather,72.0,135.4,51.2,20.96,41.13
2024-01-23,Wallet,40.0,13.46,4.25,2.22,3.12
2024-01-23,Custom,48.0,58.78,21.91,9.08,15.9
2024-01-24,Belt,62.0,24.07,8.46,4.35,6.36
2024-01-24,Bag,117.0,126.25,49.1,20.27,32.09
2024-01-24,Shoe Leather,167.0,112.46,41.67,16.89,34.38
2024-01-24,Jacket Leather,47.0,97.21,30.13,12.63,24.36
2024-01-24,Wallet,128.0,41.02,12.34,6.94,9.92
2024-01-24,Custom,28.0,40.73,12.03,5.97,8.65
2024-01-25,Belt,141.0,52.84,20.0,9.76,16.45
2024-01-25,Bag,30.0,31.46,13.46,5.27,8.58
2024-01-25,Shoe Leather,121.0,82.1,34.17,13.64,26.71
2024-01-25,Jacket Leather,140.0,283.67,102.47,35.52,83.35
2024-01-25,Wallet,82.0,27.65,8.73,4.58,6.23
2024-01-25,Custom,101.0,144.47,43.37,20.23,37.63
2024-01-26,Belt,90.0,37.31,11.49,6.13,8.79
2024-01-26,Bag,153.0,167.11,58.93,26.16,37.72
2024-01-26,Shoe Leather,78.0,55.35,22.3,8.44,16.44
2024-01-26,Jacket Leather,163.0,321.08,121.39,47.21,96.94
2024-01-26,Wallet,91.0,33.85,10.62,5.01,7.29
2024-01-26,Custom,26.0,36.22,12.17,5.46,8.02
2024-01-27,Belt,114.0,49.34,17.08,8.59,11.24
2024-01-27,Bag,95.0,106.53,39.34,15.19,27.79
2024-01-27,Shoe Leather,100.0,71.02,26.83,11.09,23.02
2024-01-27,Jacket Leather,131.0,254.84,93.91,35.4,66.72
2024-01-27,Wallet,70.0,25.8,7.57,3.76,6.27
2024-01-27,Custom,139.0,197.6,68.22,25.87,51.33
2024-01-28,Belt,53.0,21.83,8.05,3.94,5.16
2024-01-28,Bag,107.0,120.87,46.66,16.28,27.12
2024-01-28,Shoe Leather,81.0,58.1,23.57,8.25,18.25
2024-01-28,Jacket Leather,160.0,316.46,107.91,44.14,86.41
2024-01-28,Wallet,140.0,44.23,13.98,8.63,12.08
2024-01-28,Custom,105.0,145.4,50.23,22.02,36.67
2024-01-29,Belt,150.0,57.68,23.06,10.79,15.57
2024-01-29,Bag,65.0,66.68,27.22,11.56,16.12
2024-01-29,Shoe Leather,119.0,85.0,32.8,11.52,27.41
2024-01-29,Jacket Leather,138.0,305.07,97.98,34.46,75.63
2024-01-29,Wallet,128.0,39.72,12.35,6.91,11.32
2024-01-29,Custom,34.0,45.46,14.67,7.49,12.42
2024-01-30,Belt,179.0,79.05,24.39,12.14,17.87
2024-01-30,Bag,146.0,154.65,54.43,23.21,42.06
2024-01-30,Shoe Leather,124.0,86.44,30.79,12.88,28.28
2024-01-30,Jacket Leather,57.0,111.98,37.55,16.17,30.47
2024-01-30,Wallet,170.0,52.17,19.56,9.45,14.21
2024-01-30,Custom,178.0,235.91,90.87,34.45,61.57
2024-01-31,Belt,152.0,58.85,20.14,10.76,17.72
2024-01-31,Bag,114.0,113.92,45.99,17.08,34.04
2024-01-31,Shoe Leather,66.0,43.26,17.19,6.86,13.8
2024-01-31,Jacket Leather,181.0,399.2,115.64,45.71,88.21
2024-01-31,Wallet,50.0,18.31,5.4,2.82,4.31
2024-01-31,Custom,121.0,159.65,57.45,22.34,38.35
2024-02-01,Belt,149.0,55.67,22.11,9.98,17.07
2024-02-01,Bag,153.0,161.97,56.49,23.3,43.19
2024-02-01,Shoe Leather,98.0,65.21,26.67,9.78,19.31
2024-02-01,Jacket Leather,81.0,150.41,58.58,20.34,45.09
2024-02-01,Wallet,30.0,9.23,2.96,1.82,2.62
2024-02-01,Custom,138.0,182.92,67.37,25.91,45.08
2024-02-02,Belt,164.0,61.52,23.78,12.14,18.63
2024-02-02,Bag,113.0,113.67,47.21,18.25,33.03
2024-02-02,Shoe Leather,61.0,42.54,15.86,6.87,12.48
2024-02-02,Jacket Leather,118.0,228.8,82.82,31.38,64.7
2024-02-02,Wallet,66.0,21.38,7.6,4.07,4.98
2024-02-02,Custom,150.0,201.61,76.21,31.79,50.17
2024-02-03,Belt,115.0,47.5,17.08,8.47,11.93
2024-02-03,Bag,41.0,47.25,18.51,6.75,10.26
2024-02-03,Shoe Leather,53.0,32.3,15.53,5.13,11.35
2024-02-03,Jacket Leather,156.0,287.91,104.17,42.14,88.27
2024-02-03,Wallet,117.0,35.66,11.4,7.45,10.37
2024-02-03,Custom,158.0,201.66,76.17,31.44,54.54
2024-02-04,Belt,139.0,56.26,19.14,9.85,13.3
2024-02-04,Bag,66.0,75.41,24.88,11.16,16.97
2024-02-04,Shoe Leather,142.0,104.01,37.97,16.39,31.54
2024-02-04,Jacket Leather,66.0,134.29,46.83,19.61,37.67
2024-02-04,Wallet,50.0,16.07,5.29,2.7,4.38
2024-02-04,Custom,88.0,118.82,42.21,16.96,31.71
2024-02-05,Belt,82.0,30.52,12.06,5.75,8.98
2024-02-05,Bag,57.0,60.87,21.25,8.5,13.72
2024-02-05,Shoe Leather,166.0,107.9,45.83,17.08,32.14
2024-02-05,Jacket Leather,62.0,117.04,46.6,16.67,31.47
2024-02-05,Wallet,73.0,27.22,8.12,4.4,6.32
2024-02-05,Custom,118.0,163.55,60.92,25.51,41.32
2024-02-06,Belt,70.0,31.96,10.86,4.48,7.77
2024-02-06,Bag,139.0,140.25,58.07,24.92,33.89
2024-02-06,Shoe Leather,117.0,83.51,29.5,11.34,24.29
2024-02-06,Jacket Leather,89.0,189.92,54.79,23.77,48.23
2024-02-06,Wallet,106.0,32.44,11.4,5.85,7.98
2024-02-06,Custom,102.0,148.53,48.06,20.04,33.92
2024-02-07,Belt,54.0,21.49,7.73,4.07,5.53
2024-02-07,Bag,152.0,177.81,64.05,23.58,36.92
2024-02-07,Shoe Leather,159.0,119.81,38.45,15.71,32.84
2024-02-07,Jacket Leather,100.0,216.2,75.37,26.17,57.12
2024-02-07,Wallet,73.0,24.7,7.91,4.62,6.6
2024-02-07,Custom,31.0,38.5,14.15,6.26,11.16
2024-02-08,Belt,165.0,62.16,22.52,11.09,16.67
2024-02-08,Bag,175.0,192.98,68.64,31.34,42.77
2024-02-08,Shoe Leather,138.0,91.47,38.61,13.68,31.89
2024-02-08,Jacket Leather,72.0,138.85,49.99,21.45,42.1
2024-02-08,Wallet,94.0,31.67,10.14,5.11,8.5
2024-02-08,Custom,70.0,93.14,35.47,13.26,25.68
2024-02-09,Belt,111.0,43.11,14.6,7.37,10.97
2024-02-09,Bag,26.0,29.59,11.2,4.33,6.5
2024-02-09,Shoe Leather,30.0,22.6,9.08,2.99,6.29
2024-02-09,Jacket Leather,166.0,335.99,124.77,48.54,88.81
2024-02-09,Wallet,34.0,10.78,3.58,2.01,2.81
2024-02-09,Custom,102.0,136.04,46.65,19.31,34.45
2024-02-10,Belt,146.0,64.36,18.5,9.89,16.81
2024-02-10,Bag,134.0,132.52,54.2,21.51,34.46
2024-02-10,Shoe Leather,130.0,79.84,35.27,15.05,25.13
2024-02-10,Jacket Leather,46.0,84.33,33.4,12.31,24.54
2024-02-10,Wallet,98.0,36.13,10.48,5.93,8.1
2024-02-10,Custom,50.0,72.42,24.79,10.24,18.16
2024-02-11,Belt,70.0,26.86,9.58,4.69,8.13
2024-02-11,Bag,103.0,114.37,44.72,15.74,30.15
2024-02-11,Shoe Leather,70.0,47.08,20.33,6.59,15.72
2024-02-11,Jacket Leather,168.0,359.2,106.23,48.47,97.22
2024-02-11,Wallet,33.0,10.0,3.31,1.97,2.97
2024-02-11,Custom,37.0,45.66,16.84,6.58,13.39
2024-02-12,Belt,79.0,31.07,10.02,5.5,8.98
2024-02-12,Bag,148.0,164.5,66.46,22.29,43.72
2024-02-12,Shoe Leather,100.0,72.08,29.6,9.82,22.37
2024-02-12,Jacket Leather,139.0,287.91,91.75,38.59,67.97
2024-02-12,Wallet,63.0,23.78,6.93,3.67,5.36
2024-02-12,Custom,167.0,238.34,70.64,30.0,54.84
2024-02-13,Belt,86.0,37.94,11.54,5.44,8.47
2024-02-13,Bag,46.0,54.9,17.47,8.21,12.61
2024-02-13,Shoe Leather,46.0,32.92,11.79,4.47,10.19
2024-02-13,Jacket Leather,41.0,76.43,29.98,12.11,19.85
2024-02-13,Wallet,40.0,14.82,4.55,2.58,3.47
2024-02-13,Custom,128.0,166.04,57.87,26.79,45.9
2024-02-14,Belt,154.0,56.87,22.36,10.53,17.5
2024-02-14,Bag,45.0,53.25,17.19,7.95,12.82
2024-02-14,Shoe Leather,86.0,58.3,23.5,8.2,19.43
2024-02-14,Jacket Leather,161.0,294.36,119.4,44.53,92.4
2024-02-14,Wallet,146.0,44.35,15.72,8.75,11.33
2024-02-14,Custom,30.0,38.46,14.26,5.51,10.54
2024-02-15,Belt,117.0,48.96,16.23,9.08,11.43
2024-02-15,Bag,40.0,39.31,16.07,6.55,11.04
2024-02-15,Shoe Leather,49.0,34.37,13.91,5.66,11.22
2024-02-15,Jacket Leather,32.0,64.78,19.97,8.17,19.09
2024-02-15,Wallet,151.0,46.24,15.93,8.34,12.03
2024-02-15,Custom,158.0,190.74,71.34,31.6,48.99
2024-02-16,Belt,150.0,55.41,19.2,10.32,14.58
2024-02-16,Bag,106.0,106.89,45.21,18.56,25.75
2024-02-16,Shoe Leather,161.0,100.37,44.72,17.75,30.62
2024-02-16,Jacket Leather,28.0,58.33,19.54,7.24,16.54
2024-02-16,Wallet,81.0,28.79,9.09,4.58,7.09
2024-02-16,Custom,29.0,40.25,13.69,5.87,10.41
2024-02-17,Belt,125.0,52.89,17.7,9.23,12.02
2024-02-17,Bag,33.0,33.55,12.51,5.82,8.33
2024-02-17,Shoe Leather,67.0,45.51,19.1,7.67,14.01
2024-02-17,Jacket Leather,49.0,99.16,33.65,13.8,24.85
2024-02-17,Wallet,100.0,34.38,10.56,5.35,8.06
2024-02-17,Custom,174.0,214.21,73.78,33.04,58.95
2024-02-18,Belt,98.0,44.43,13.63,7.45,10.69
2024-02-18,Bag,110.0,125.23,45.12,18.2,29.71
2024-02-18,Shoe Leather,107.0,72.1,30.36,11.3,24.47
2024-02-18,Jacket Leather,153.0,329.96,107.57,45.62,78.79
2024-02-18,Wallet,123.0,39.4,13.37,7.44,10.64
2024-02-18,Custom,102.0,146.49,47.16,20.9,35.88
2024-02-19,Belt,34.0,15.57,4.52,2.61,3.63
2024-02-19,Bag,73.0,71.96,29.33,12.21,20.01
2024-02-19,Shoe Leather,90.0,62.83,22.68,9.34,21.03
2024-02-19,Jacket Leather,76.0,166.26,46.38,20.93,41.94
2024-02-19,Wallet,154.0,57.87,16.17,8.56,11.55
2024-02-19,Custom,34.0,44.81,15.99,7.12,10.84
2024-02-20,Belt,130.0,50.45,18.73,9.54,12.73
2024-02-20,Bag,46.0,44.43,19.7,7.76,12.26
2024-02-20,Shoe Leather,119.0,86.52,32.8,13.59,23.63
2024-02-20,Jacket Leather,174.0,319.38,131.16,43.35,88.87
2024-02-20,Wallet,44.0,13.52,4.28,2.56,3.95
2024-02-20,Custom,78.0,97.0,37.51,16.29,26.13
2024-02-21,Belt,58.0,21.26,7.82,4.47,6.2
2024-02-21,Bag,170.0,184.81,69.91,29.03,42.52
2024-02-21,Shoe Leather,126.0,78.91,31.37,14.53,27.88
2024-02-21,Jacket Leather,30.0,66.19,18.43,8.29,15.81
2024-02-21,Wallet,27.0,10.18,2.73,1.65,2.47
2024-02-21,Custom,160.0,224.63,75.15,32.76,58.8
2024-02-22,Belt,114.0,42.05,17.49,8.33,12.46
2024-02-22,Bag,141.0,166.48,61.93,23.98,38.68
2024-02-22,Shoe Leather,175.0,123.41,52.38,16.75,40.82
2024-02-22,Jacket Leather,158.0,355.79,113.75,39.08,81.77
2024-02-22,Wallet,78.0,27.29,8.67,4.97,6.3
2024-02-22,Custom,89.0,129.64,40.11,19.13,29.46
2024-02-23,Belt,66.0,28.17,9.02,4.81,7.19
2024-02-23,Bag,138.0,154.93,55.25,22.39,35.11
2024-02-23,Shoe Leather,51.0,32.87,12.58,5.53,11.22
2024-02-23,Jacket Leather,82.0,176.74,56.16,22.47,48.82
2024-02-23,Wallet,148.0,45.34,15.12,8.47,11.91
2024-02-23,Custom,53.0,67.49,24.69,10.31,18.18
2024-02-24,Belt,60.0,25.82,9.28,3.8,5.93
2024-02-24,Bag,87.0,97.22,38.9,13.56,25.71
2024-02-24,Shoe Leather,35.0,22.44,9.47,3.48,6.92
2024-02-24,Jacket Leather,117.0,226.56,76.34,33.6,63.66
2024-02-24,Wallet,138.0,43.04,15.31,7.96,12.54
2024-02-24,Custom,95.0,118.29,41.71,19.75,30.24
2024-02-25,Belt,136.0,52.18,18.34,10.19,13.42
2024-02-25,Bag,170.0,202.35,69.83,29.86,46.54
2024-02-25,Shoe Leather,119.0,81.69,29.56,11.27,25.95
2024-02-25,Jacket Leather,40.0,87.96,25.68,10.15,22.13
2024-02-25,Wallet,121.0,39.94,13.88,7.5,10.06
2024-02-25,Custom,96.0,137.46,42.96,20.49,32.18
2024-02-26,Belt,94.0,35.48,13.66,6.59,10.17
2024-02-26,Bag,163.0,166.48,72.39,26.69,44.44
2024-02-26,Shoe Leather,143.0,87.7,39.87,15.49,30.59
2024-02-26,Jacket Leather,134.0,257.53,93.61,32.71,66.71
2024-02-26,Wallet,74.0,23.39,8.19,4.28,6.03
2024-02-26,Custom,157.0,222.0,66.1,30.26,57.05
2024-02-27,Belt,78.0,33.44,11.12,5.21,7.47
2024-02-27,Bag,101.0,111.18,40.58,16.11,26.33
2024-02-27,Shoe Leather,34.0,22.99,8.25,3.78,6.7
2024-02-27,Jacket Leather,142.0,275.37,98.96,39.96,72.56
2024-02-27,Wallet,70.0,22.87,7.63,4.52,5.92
2024-02-27,Custom,51.0,72.58,23.89,9.27,17.68
2024-02-28,Belt,52.0,23.49,7.54,3.86,5.11
2024-02-28,Bag,108.0,106.73,43.95,18.73,28.24
2024-02-28,Shoe Leather,135.0,101.57,36.34,13.94,26.28
2024-02-28,Jacket Leather,115.0,216.85,86.74,33.96,62.79
2024-02-28,Wallet,120.0,42.38,11.59,6.69,10.47
2024-02-28,Custom,49.0,60.72,24.53,10.33,17.37
2024-02-29,Belt,137.0,51.68,18.17,9.32,14.1
2024-02-29,Bag,25.0,29.3,10.32,3.91,6.56
2024-02-29,Shoe Leather,144.0,107.37,42.01,14.13,32.31
2024-02-29,Jacket Leather,138.0,309.0,100.79,34.88,81.19
2024-02-29,Wallet,57.0,19.52,6.17,3.46,4.7
2024-02-29,Custom,130.0,162.75,57.53,27.81,42.76
2024-03-01,Belt,173.0,66.13,25.38,11.78,20.12
2024-03-01,Bag,35.0,40.55,13.31,6.22,10.34
2024-03-01,Shoe Leather,39.0,24.35,11.34,4.38,7.87
2024-03-01,Jacket Leather,178.0,387.3,125.74,44.28,95.87
2024-03-01,Wallet,49.0,15.62,4.68,3.02,3.68
2024-03-01,Custom,109.0,141.26,51.25,21.47,33.99
2024-03-02,Belt,147.0,53.92,18.56,10.57,15.07
2024-03-02,Bag,54.0,52.93,23.53,8.81,13.22
2024-03-02,Shoe Leather,36.0,25.86,9.98,3.64,7.5
2024-03-02,Jacket Leather,149.0,280.58,93.61,38.69,73.9
2024-03-02,Wallet,98.0,34.79,10.63,5.93,7.6
2024-03-02,Custom,117.0,161.97,52.72,23.99,40.1
2024-03-03,Belt,186.0,70.6,28.43,12.99,18.42
2024-03-03,Bag,32.0,35.21,13.27,4.96,8.55
2024-03-03,Shoe Leather,146.0,89.03,38.7,15.36,27.68
2024-03-03,Jacket Leather,97.0,201.04,68.79,24.53,53.87
2024-03-03,Wallet,38.0,11.54,3.78,2.45,3.31
2024-03-03,Custom,182.0,221.75,83.11,34.51,63.87
2024-03-04,Belt,160.0,70.71,20.66,11.27,15.68
2024-03-04,Bag,73.0,74.5,30.95,12.78,20.18
2024-03-04,Shoe Leather,167.0,113.1,47.98,19.18,38.84
2024-03-04,Jacket Leather,41.0,87.0,30.87,11.92,20.36
2024-03-04,Wallet,113.0,41.44,10.81,7.23,9.25
2024-03-04,Custom,57.0,74.76,26.37,10.67,20.92
2024-03-05,Belt,104.0,43.1,13.62,7.73,11.07
2024-03-05,Bag,117.0,114.31,43.39,20.25,32.69
2024-03-05,Shoe Leather,187.0,115.94,45.34,21.72,41.59
2024-03-05,Jacket Leather,78.0,157.88,58.94,23.28,46.3
2024-03-05,Wallet,51.0,16.94,5.32,3.05,4.52
2024-03-05,Custom,33.0,42.75,14.06,6.06,12.48
2024-03-06,Belt,148.0,64.57,21.49,10.21,14.72
2024-03-06,Bag,70.0,71.94,27.4,10.49,20.83
2024-03-06,Shoe Leather,133.0,81.93,39.59,14.98,26.93
2024-03-06,Jacket Leather,28.0,57.94,19.35,7.94,16.08
2024-03-06,Wallet,138.0,43.49,13.15,7.42,11.56
2024-03-06,Custom,164.0,215.49,77.81,31.94,51.82
2024-03-07,Belt,168.0,75.52,24.62,11.86,15.95
2024-03-07,Bag,160.0,165.29,70.31,28.38,46.49
2024-03-07,Shoe Leather,184.0,118.53,52.31,19.25,41.66
2024-03-07,Jacket Leather,120.0,246.31,76.03,29.28,62.22
2024-03-07,Wallet,161.0,60.56,18.62,8.54,12.31
2024-03-07,Custom,52.0,73.32,22.4,11.46,17.74
2024-03-08,Belt,162.0,71.45,23.97,11.52,17.46
2024-03-08,Bag,192.0,212.16,72.23,29.2,47.33
2024-03-08,Shoe Leather,123.0,86.47,35.17,12.1,25.86
2024-03-08,Jacket Leather,156.0,337.49,111.57,45.49,80.18
2024-03-08,Wallet,84.0,30.34,8.29,4.98,7.23
2024-03-08,Custom,166.0,232.71,75.77,33.35,56.72
2024-03-09,Belt,107.0,47.23,16.17,6.77,11.93
2024-03-09,Bag,189.0,198.57,74.86,28.77,48.96
2024-03-09,Shoe Leather,76.0,52.16,19.02,7.89,16.67
2024-03-09,Jacket Leather,150.0,330.63,104.46,39.68,79.73
2024-03-09,Wallet,119.0,36.2,12.88,6.76,10.38
2024-03-09,Custom,44.0,58.35,22.38,8.83,15.74
2024-03-10,Belt,98.0,37.99,14.43,6.26,10.34
2024-03-10,Bag,168.0,193.74,65.82,29.6,45.47
2024-03-10,Shoe Leather,125.0,78.89,35.21,13.92,29.17
2024-03-10,Jacket Leather,131.0,283.51,89.88,35.06,65.69
2024-03-10,Wallet,191.0,68.27,19.04,10.9,14.23
2024-03-10,Custom,68.0,102.23,35.11,14.08,22.92
2024-03-11,Belt,30.0,12.2,3.9,2.18,3.47
2024-03-11,Bag,138.0,145.17,57.5,23.07,34.72
2024-03-11,Shoe Leather,81.0,60.83,20.33,8.93,17.44
2024-03-11,Jacket Leather,132.0,255.95,90.51,34.22,78.21
2024-03-11,Wallet,179.0,65.61,17.83,10.25,14.61
2024-03-11,Custom,70.0,93.55,36.06,14.64,24.59
2024-03-12,Belt,140.0,60.15,19.65,9.7,15.47
2024-03-12,Bag,89.0,87.24,34.5,13.51,23.56
2024-03-12,Shoe Leather,102.0,71.62,30.15,9.77,19.48
2024-03-12,Jacket Leather,168.0,308.36,109.22,43.31,96.52
2024-03-12,Wallet,150.0,48.73,16.77,8.74,13.09
2024-03-12,Custom,66.0,82.29,33.2,11.86,22.96
2024-03-13,Belt,122.0,46.47,17.38,8.47,12.52
2024-03-13,Bag,140.0,143.27,60.6,23.33,34.94
2024-03-13,Shoe Leather,184.0,137.42,45.11,19.17,37.03
2024-03-13,Jacket Leather,77.0,157.15,58.13,19.34,43.84
2024-03-13,Wallet,175.0,60.32,18.32,11.29,14.69
2024-03-13,Custom,196.0,243.35,85.37,36.9,63.31
2024-03-14,Belt,90.0,38.46,12.81,6.99,8.97
2024-03-14,Bag,51.0,58.08,19.16,8.81,13.99
2024-03-14,Shoe Leather,114.0,77.64,28.69,13.23,25.97
2024-03-14,Jacket Leather,86.0,158.92,62.76,22.91,48.66
2024-03-14,Wallet,94.0,29.2,10.02,5.91,7.71
2024-03-14,Custom,83.0,111.82,37.59,17.85,28.48
2024-03-15,Belt,87.0,37.86,12.36,5.77,9.97
2024-03-15,Bag,130.0,152.19,50.69,21.24,38.91
2024-03-15,Shoe Leather,50.0,34.15,13.53,4.78,10.12
2024-03-15,Jacket Leather,66.0,134.65,44.75,16.27,36.7
2024-03-15,Wallet,106.0,35.4,10.26,6.16,8.17
2024-03-15,Custom,37.0,50.11,16.56,7.83,12.78
2024-03-16,Belt,103.0,40.51,14.91,6.77,11.77
2024-03-16,Bag,64.0,68.31,26.6,9.76,17.69
2024-03-16,Shoe Leather,124.0,91.96,31.97,14.49,24.26
2024-03-16,Jacket Leather,142.0,260.36,94.1,40.33,82.1
2024-03-16,Wallet,117.0,39.36,12.68,6.26,10.41
2024-03-16,Custom,37.0,52.4,16.68,8.14,12.53
2024-03-17,Belt,45.0,19.39,6.11,3.51,5.24
2024-03-17,Bag,79.0,79.46,29.19,13.19,21.53
2024-03-17,Shoe Leather,49.0,35.4,12.32,5.01,11.31
2024-03-17,Jacket Leather,34.0,74.24,23.51,9.66,17.75
2024-03-17,Wallet,151.0,55.92,16.51,8.53,11.79
2024-03-17,Custom,144.0,210.3,68.05,27.2,45.03
2024-03-18,Belt,197.0,84.84,27.32,15.09,21.91
2024-03-18,Bag,100.0,113.71,42.41,16.86,26.15
2024-03-18,Shoe Leather,88.0,64.02,25.58,8.84,16.79
2024-03-18,Jacket Leather,139.0,292.3,90.94,38.94,68.05
2024-03-18,Wallet,176.0,55.85,19.27,11.45,13.19
2024-03-18,Custom,141.0,196.74,69.15,28.3,46.15
2024-03-19,Belt,45.0,16.67,6.08,3.28,5.2
2024-03-19,Bag,157.0,178.87,68.35,26.66,40.16
2024-03-19,Shoe Leather,147.0,103.61,40.16,14.23,30.68
2024-03-19,Jacket Leather,60.0,115.45,40.06,15.01,31.99
2024-03-19,Wallet,96.0,32.67,9.14,5.56,7.12
2024-03-19,Custom,118.0,151.86,59.64,22.51,43.69
2024-03-20,Belt,179.0,76.78,27.08,13.92,19.43
2024-03-20,Bag,92.0,95.11,40.4,14.4,26.78
2024-03-20,Shoe Leather,154.0,98.6,38.23,14.78,30.91
2024-03-20,Jacket Leather,34.0,62.31,23.15,8.85,18.87
2024-03-20,Wallet,194.0,69.49,20.99,10.36,17.27
2024-03-20,Custom,28.0,39.05,13.37,6.04,8.87
2024-03-21,Belt,191.0,78.99,28.84,12.84,19.87
2024-03-21,Bag,36.0,43.02,15.93,5.95,8.83
2024-03-21,Shoe Leather,44.0,28.27,11.89,4.9,9.38
2024-03-21,Jacket Leather,149.0,314.63,108.95,43.63,81.98
2024-03-21,Wallet,67.0,23.63,6.42,4.25,5.44
2024-03-21,Custom,40.0,54.67,20.17,7.81,13.8
2024-03-22,Belt,72.0,29.27,10.78,5.23,7.9
2024-03-22,Bag,109.0,107.81,43.68,17.87,30.38
2024-03-22,Shoe Leather,172.0,116.47,51.24,17.28,35.64
2024-03-22,Jacket Leather,164.0,297.75,100.7,45.25,96.21
2024-03-22,Wallet,138.0,46.62,14.41,8.04,11.62
2024-03-22,Custom,154.0,212.86,68.96,28.83,52.63
2024-03-23,Belt,70.0,25.85,9.31,4.46,6.8
2024-03-23,Bag,107.0,114.86,43.47,16.56,28.31
2024-03-23,Shoe Leather,75.0,55.58,19.75,7.21,16.19
2024-03-23,Jacket Leather,105.0,215.49,77.56,28.91,51.22
2024-03-23,Wallet,36.0,11.08,3.77,2.31,2.75
2024-03-23,Custom,177.0,235.59,81.75,38.49,63.17
2024-03-24,Belt,37.0,15.74,4.98,2.72,4.28
2024-03-24,Bag,33.0,38.78,12.24,5.73,9.63
2024-03-24,Shoe Leather,185.0,129.14,52.09,18.0,38.24
2024-03-24,Jacket Leather,140.0,295.28,87.38,38.72,76.69
2024-03-24,Wallet,128.0,39.57,12.31,7.28,11.5
2024-03-24,Custom,52.0,73.22,23.81,10.63,15.93
2024-03-25,Belt,72.0,32.21,10.4,5.48,7.98
2024-03-25,Bag,166.0,188.19,68.54,29.15,49.43
2024-03-25,Shoe Leather,28.0,17.04,7.41,2.82,5.88
2024-03-25,Jacket Leather,67.0,132.48,49.35,19.18,33.82
2024-03-25,Wallet,164.0,58.54,17.88,10.33,14.02
2024-03-25,Custom,158.0,208.47,67.37,31.75,57.8
2024-03-26,Belt,53.0,21.59,7.96,4.0,6.04
2024-03-26,Bag,97.0,110.87,36.56,17.31,23.54
2024-03-26,Shoe Leather,77.0,47.44,20.44,8.23,16.41
2024-03-26,Jacket Leather,166.0,333.45,104.84,48.73,87.04
2024-03-26,Wallet,159.0,52.43,16.91,9.12,11.73
2024-03-26,Custom,140.0,192.35,60.0,29.92,47.85
2024-03-27,Belt,184.0,71.32,28.72,12.88,20.29
2024-03-27,Bag,124.0,147.74,48.13,22.51,33.79
2024-03-27,Shoe Leather,67.0,44.27,16.23,6.34,13.75
2024-03-27,Jacket Leather,72.0,131.52,51.74,19.29,37.17
2024-03-27,Wallet,136.0,42.53,15.77,7.67,12.1
2024-03-27,Custom,42.0,61.13,21.93,8.07,15.83
2024-03-28,Belt,157.0,62.83,21.33,11.14,15.34
2024-03-28,Bag,70.0,76.41,26.83,10.93,20.34
2024-03-28,Shoe Leather,144.0,94.01,36.92,14.24,27.59
2024-03-28,Jacket Leather,183.0,385.4,117.49,52.85,99.69
2024-03-28,Wallet,142.0,49.28,13.88,8.25,12.01
2024-03-28,Custom,151.0,191.59,75.33,31.71,49.33
2024-03-29,Belt,163.0,68.71,21.51,11.23,15.54
2024-03-29,Bag,157.0,176.88,69.98,23.75,43.16
2024-03-29,Shoe Leather,114.0,81.58,31.11,13.04,22.27
2024-03-29,Jacket Leather,151.0,310.58,93.35,42.43,81.15
2024-03-29,Wallet,37.0,13.83,4.28,2.17,2.77
2024-03-29,Custom,73.0,106.13,34.91,14.18,23.71
2024-03-30,Belt,171.0,71.26,23.81,12.33,19.69
2024-03-30,Bag,187.0,219.35,76.26,30.42,51.69
2024-03-30,Shoe Leather,30.0,21.56,7.99,3.47,5.69
2024-03-30,Jacket Leather,182.0,364.77,133.04,53.24,89.12
2024-03-30,Wallet,60.0,19.48,5.74,3.9,4.66
2024-03-30,Custom,129.0,173.05,62.9,26.93,45.65
2024-03-31,Belt,64.0,27.02,9.29,4.81,6.52
2024-03-31,Bag,58.0,58.43,25.99,8.49,17.22
2024-03-31,Shoe Leather,33.0,25.08,8.21,3.15,6.36
2024-03-31,Jacket Leather,58.0,127.37,41.91,14.61,33.32
2024-03-31,Wallet,146.0,53.08,16.43,9.27,12.5
2024-03-31,Custom,120.0,158.27,58.93,22.79,42.41
2024-04-01,Belt,124.0,49.07,17.73,9.02,13.38
2024-04-01,Bag,60.0,57.9,22.52,10.62,16.8
2024-04-01,Shoe Leather,165.0,112.67,47.47,18.25,31.62
2024-04-01,Jacket Leather,40.0,83.99,25.52,11.62,21.11
2024-04-01,Wallet,142.0,47.26,16.26,8.0,11.58
2024-04-01,Custom,89.0,121.92,39.46,16.07,28.58
2024-04-02,Belt,46.0,19.34,5.91,3.48,4.83
2024-04-02,Bag,208.0,222.7,91.41,34.62,57.87
2024-04-02,Shoe Leather,136.0,87.5,38.38,15.35,30.59
2024-04-02,Jacket Leather,48.0,99.81,30.35,14.25,27.42
2024-04-02,Wallet,39.0,13.26,3.93,2.11,3.29
2024-04-02,Custom,99.0,127.01,45.47,18.07,31.44
2024-04-03,Belt,116.0,43.07,15.56,8.53,11.12
2024-04-03,Bag,75.0,80.56,29.82,13.5,18.48
2024-04-03,Shoe Leather,176.0,109.63,46.08,17.68,39.88
2024-04-03,Jacket Leather,191.0,394.08,141.41,56.47,101.5
2024-04-03,Wallet,134.0,49.88,14.69,7.23,9.94
2024-04-03,Custom,177.0,233.06,85.39,36.83,53.86
2024-04-04,Belt,49.0,19.25,7.52,3.25,4.98
2024-04-04,Bag,38.0,45.02,16.3,5.98,9.41
2024-04-04,Shoe Leather,161.0,121.04,39.74,16.97,33.13
2024-04-04,Jacket Leather,66.0,134.49,41.57,18.49,38.01
2024-04-04,Wallet,127.0,39.25,14.23,7.35,11.19
2024-04-04,Custom,57.0,80.62,26.06,12.28,20.38
2024-04-05,Belt,123.0,52.31,17.68,8.26,11.96
2024-04-05,Bag,34.0,34.03,14.77,6.19,8.36
2024-04-05,Shoe Leather,54.0,38.58,13.7,6.2,10.93
2024-04-05,Jacket Leather,40.0,73.48,24.94,10.82,20.5
2024-04-05,Wallet,78.0,27.61,7.79,4.98,6.87
2024-04-05,Custom,104.0,129.92,48.21,20.84,34.88
2024-04-06,Belt,44.0,19.52,5.86,3.23,4.99
2024-04-06,Bag,143.0,155.7,61.22,22.65,41.03
2024-04-06,Shoe Leather,194.0,124.2,48.27,22.05,41.65
2024-04-06,Jacket Leather,189.0,406.38,137.26,46.96,97.09
2024-04-06,Wallet,173.0,62.34,18.35,9.83,13.83
2024-04-06,Custom,43.0,58.6,20.79,8.63,15.74
2024-04-07,Belt,76.0,28.09,11.62,5.68,8.52
2024-04-07,Bag,70.0,74.35,27.7,10.5,17.9
2024-04-07,Shoe Leather,121.0,84.03,32.42,11.56,26.45
2024-04-07,Jacket Leather,31.0,69.93,23.38,8.99,18.72
2024-04-07,Wallet,197.0,69.07,21.07,12.23,15.16
2024-04-07,Custom,113.0,142.87,49.07,23.17,40.83
2024-04-08,Belt,70.0,27.53,10.93,4.98,8.08
2024-04-08,Bag,118.0,132.06,45.97,18.74,34.66
2024-04-08,Shoe Leather,200.0,135.73,58.67,22.13,38.45
2024-04-08,Jacket Leather,136.0,247.23,95.16,36.3,67.71
2024-04-08,Wallet,197.0,64.18,21.95,11.19,17.72
2024-04-08,Custom,71.0,87.6,31.88,15.16,24.07
2024-04-09,Belt,71.0,28.88,9.07,4.67,7.45
2024-04-09,Bag,191.0,223.88,81.44,28.99,57.04
2024-04-09,Shoe Leather,75.0,55.0,19.17,8.71,14.85
2024-04-09,Jacket Leather,122.0,247.09,81.22,36.03,66.04
2024-04-09,Wallet,100.0,32.25,10.41,5.98,7.46
2024-04-09,Custom,140.0,169.15,58.85,29.85,49.94
2024-04-10,Belt,146.0,65.85,22.65,10.36,17.04
2024-04-10,Bag,35.0,35.26,14.38,6.05,8.99
2024-04-10,Shoe Leather,89.0,60.32,25.58,10.37,19.95
2024-04-10,Jacket Leather,116.0,235.54,70.79,28.05,60.74
2024-04-10,Wallet,176.0,56.43,19.12,9.71,13.91
2024-04-10,Custom,90.0,122.33,45.2,17.08,29.09
2024-04-11,Belt,116.0,47.47,16.91,7.51,11.71
2024-04-11,Bag,175.0,207.25,71.81,28.83,47.05
2024-04-11,Shoe Leather,91.0,60.73,25.98,10.5,21.14
2024-04-11,Jacket Leather,114.0,220.67,79.71,34.04,60.13
2024-04-11,Wallet,200.0,65.93,21.8,11.07,15.33
2024-04-11,Custom,131.0,195.03,55.42,28.08,47.07
2024-04-12,Belt,154.0,57.04,20.2,11.7,15.52
2024-04-12,Bag,92.0,101.34,37.39,15.42,24.99
2024-04-12,Shoe Leather,52.0,38.18,13.05,5.44,12.0
2024-04-12,Jacket Leather,174.0,382.91,116.45,49.79,93.49
2024-04-12,Wallet,163.0,56.21,16.19,9.1,12.86
2024-04-12,Custom,134.0,194.67,59.03,24.32,41.46
2024-04-13,Belt,42.0,18.58,5.84,2.69,4.73
2024-04-13,Bag,207.0,234.68,90.13,33.0,59.84
2024-04-13,Shoe Leather,60.0,44.05,16.31,6.04,12.46
2024-04-13,Jacket Leather,93.0,184.89,64.08,25.33,51.29
2024-04-13,Wallet,206.0,70.58,19.73,13.33,15.97
2024-04-13,Custom,185.0,224.23,85.91,40.02,57.11
2024-04-14,Belt,100.0,38.62,14.55,7.39,11.33
2024-04-14,Bag,110.0,121.9,49.14,19.35,28.22
2024-04-14,Shoe Leather,198.0,125.54,51.94,22.68,44.52
2024-04-14,Jacket Leather,65.0,123.51,46.48,17.62,32.31
2024-04-14,Wallet,43.0,13.26,4.56,2.62,3.27
2024-04-14,Custom,36.0,46.38,17.43,7.18,11.94
2024-04-15,Belt,73.0,28.78,10.78,5.44,7.08
2024-04-15,Bag,89.0,100.82,34.16,16.17,23.87
2024-04-15,Shoe Leather,126.0,80.25,31.23,14.22,24.57
2024-04-15,Jacket Leather,143.0,305.8,105.28,36.9,82.6
2024-04-15,Wallet,97.0,31.93,9.89,6.27,8.57
2024-04-15,Custom,87.0,124.75,42.57,17.22,30.09
2024-04-16,Belt,104.0,41.88,13.68,7.82,11.6
2024-04-16,Bag,166.0,161.21,72.48,25.16,47.77
2024-04-16,Shoe Leather,59.0,44.16,15.71,5.88,13.0
2024-04-16,Jacket Leather,106.0,225.77,73.04,29.0,56.65
2024-04-16,Wallet,53.0,18.06,5.17,3.43,4.58
2024-04-16,Custom,167.0,220.96,72.43,35.99,52.82
2024-04-17,Belt,191.0,75.02,29.05,13.96,21.47
2024-04-17,Bag,34.0,35.5,15.37,6.05,10.19
2024-04-17,Shoe Leather,198.0,120.69,55.38,18.9,42.23
2024-04-17,Jacket Leather,147.0,292.36,93.76,39.05,86.95
2024-04-17,Wallet,32.0,11.55,3.35,1.72,2.82
2024-04-17,Custom,86.0,106.47,39.19,17.92,26.78
2024-04-18,Belt,72.0,28.94,11.22,5.4,8.01
2024-04-18,Bag,41.0,46.8,17.82,6.86,12.19
2024-04-18,Shoe Leather,50.0,32.68,13.41,5.87,9.67
2024-04-18,Jacket Leather,177.0,395.65,110.25,48.24,105.24
2024-04-18,Wallet,188.0,67.34,20.76,10.87,14.97
2024-04-18,Custom,95.0,121.93,41.85,18.91,30.78
2024-04-19,Belt,145.0,60.41,21.32,9.47,15.68
2024-04-19,Bag,177.0,208.31,65.99,28.64,49.74
2024-04-19,Shoe Leather,167.0,116.94,46.61,16.81,31.71
2024-04-19,Jacket Leather,91.0,180.39,62.99,24.39,51.1
2024-04-19,Wallet,94.0,30.77,9.46,5.64,8.34
2024-04-19,Custom,89.0,110.84,41.52,18.26,28.57
2024-04-20,Belt,198.0,87.88,26.1,14.19,21.79
2024-04-20,Bag,51.0,50.15,21.67,8.23,15.15
2024-04-20,Shoe Leather,158.0,106.34,46.77,16.32,35.76
2024-04-20,Jacket Leather,128.0,273.98,82.1,35.88,69.29
2024-04-20,Wallet,53.0,17.87,5.14,3.29,4.76
2024-04-20,Custom,176.0,255.74,88.18,35.2,59.1
2024-04-21,Belt,167.0,70.07,24.14,12.13,16.71
2024-04-21,Bag,187.0,208.94,82.18,27.84,55.01
2024-04-21,Shoe Leather,87.0,57.74,21.19,8.41,20.1
2024-04-21,Jacket Leather,86.0,171.02,54.74,23.58,47.14
2024-04-21,Wallet,117.0,43.64,13.25,7.31,10.27
2024-04-21,Custom,205.0,264.49,102.33,40.09,70.12
2024-04-22,Belt,142.0,64.25,19.07,10.55,14.74
2024-04-22,Bag,155.0,178.07,61.43,27.45,45.55
2024-04-22,Shoe Leather,63.0,44.24,17.98,6.57,13.63
2024-04-22,Jacket Leather,129.0,270.34,94.3,34.91,70.35
2024-04-22,Wallet,129.0,48.11,12.4,8.11,10.16
2024-04-22,Custom,160.0,220.2,70.24,32.49,53.31
2024-04-23,Belt,129.0,53.03,19.87,8.34,14.43
2024-04-23,Bag,185.0,206.87,72.3,28.27,46.45
2024-04-23,Shoe Leather,154.0,111.28,45.51,17.13,34.08
2024-04-23,Jacket Leather,72.0,152.55,45.13,18.64,37.44
2024-04-23,Wallet,206.0,69.4,22.05,11.48,17.83
2024-04-23,Custom,143.0,207.39,71.57,27.48,53.18
2024-04-24,Belt,119.0,51.81,17.21,8.15,11.95
2024-04-24,Bag,104.0,120.9,38.98,16.65,28.3
2024-04-24,Shoe Leather,61.0,40.1,16.51,6.83,13.91
2024-04-24,Jacket Leather,100.0,218.24,71.57,26.61,55.18
2024-04-24,Wallet,55.0,18.61,5.72,3.39,4.42
2024-04-24,Custom,134.0,166.27,58.47,23.92,47.77
2024-04-25,Belt,155.0,67.6,20.89,11.01,15.84
2024-04-25,Bag,147.0,147.86,65.59,22.89,38.56
2024-04-25,Shoe Leather,137.0,87.72,37.12,14.8,27.37
2024-04-25,Jacket Leather,72.0,143.36,46.42,18.35,42.84
2024-04-25,Wallet,96.0,36.08,9.96,5.94,8.52
2024-04-25,Custom,98.0,129.74,48.47,18.31,32.12
2024-04-26,Belt,162.0,71.65,23.41,11.46,15.68
2024-04-26,Bag,196.0,211.36,87.9,31.78,58.29
2024-04-26,Shoe Leather,44.0,27.92,11.54,5.01,8.66
2024-04-26,Jacket Leather,74.0,165.09,53.47,20.5,43.1
2024-04-26,Wallet,152.0,52.46,16.51,9.29,11.85
2024-04-26,Custom,51.0,72.73,25.12,10.8,17.35
2024-04-27,Belt,109.0,48.21,15.36,7.43,12.27
2024-04-27,Bag,177.0,178.15,78.16,31.43,47.41
2024-04-27,Shoe Leather,200.0,133.35,55.61,18.92,40.23
2024-04-27,Jacket Leather,157.0,344.22,104.31,42.74,93.16
2024-04-27,Wallet,138.0,48.42,13.25,7.88,12.06
2024-04-27,Custom,103.0,130.72,52.76,18.5,34.56
2024-04-28,Belt,30.0,12.1,4.17,1.95,3.13
2024-04-28,Bag,85.0,95.73,35.93,14.53,20.46
2024-04-28,Shoe Leather,151.0,106.48,40.68,14.29,34.02
2024-04-28,Jacket Leather,86.0,159.14,52.67,23.5,45.49
2024-04-28,Wallet,83.0,29.85,9.21,5.17,6.82
2024-04-28,Custom,122.0,170.3,58.62,25.54,38.52
2024-04-29,Belt,36.0,14.36,4.97,2.36,3.62
2024-04-29,Bag,152.0,161.98,66.16,26.88,41.44
2024-04-29,Shoe Leather,86.0,54.61,23.23,9.56,17.39
2024-04-29,Jacket Leather,35.0,72.8,22.35,9.7,20.46
2024-04-29,Wallet,159.0,54.14,15.66,8.48,13.59
2024-04-29,Custom,161.0,214.35,74.67,35.2,53.91
2024-04-30,Belt,86.0,37.01,11.58,6.66,9.41
2024-04-30,Bag,150.0,163.25,66.01,24.5,38.65
2024-04-30,Shoe Leather,175.0,121.54,44.87,19.12,39.45
2024-04-30,Jacket Leather,153.0,308.36,114.95,43.86,87.48
2024-04-30,Wallet,107.0,35.55,11.19,5.68,8.38
2024-04-30,Custom,94.0,124.79,47.86,20.08,32.93
2024-05-01,Belt,75.0,31.94,10.18,5.74,8.59
2024-05-01,Bag,186.0,198.35,79.21,27.96,52.92
2024-05-01,Shoe Leather,211.0,150.12,62.69,23.86,48.45
2024-05-01,Jacket Leather,218.0,466.54,158.26,63.4,130.3
2024-05-01,Wallet,192.0,66.41,19.46,10.84,17.34
2024-05-01,Custom,216.0,313.55,99.49,38.68,67.03
2024-05-02,Belt,64.0,23.61,8.1,4.91,7.06
2024-05-02,Bag,129.0,125.77,56.86,21.76,35.33
2024-05-02,Shoe Leather,114.0,76.08,30.09,10.95,24.82
2024-05-02,Jacket Leather,48.0,96.37,34.16,12.67,24.45
2024-05-02,Wallet,116.0,43.13,13.39,6.59,9.6
2024-05-02,Custom,88.0,118.13,40.86,17.56,32.29
2024-05-03,Belt,199.0,85.58,28.62,12.7,20.84
2024-05-03,Bag,175.0,183.64,77.54,26.4,51.57
2024-05-03,Shoe Leather,201.0,136.99,56.53,22.15,43.86
2024-05-03,Jacket Leather,179.0,337.25,125.52,49.4,90.15
2024-05-03,Wallet,179.0,60.41,19.6,11.27,13.69
2024-05-03,Custom,177.0,248.61,74.78,32.88,59.72
2024-05-04,Belt,69.0,30.2,10.68,4.9,7.28
2024-05-04,Bag,123.0,143.76,51.49,21.67,34.25
2024-05-04,Shoe Leather,211.0,146.34,58.15,21.62,40.37
2024-05-04,Jacket Leather,37.0,68.28,23.77,10.88,20.49
2024-05-04,Wallet,212.0,78.12,23.18,11.69,18.78
2024-05-04,Custom,213.0,269.24,105.17,40.61,77.25
2024-05-05,Belt,192.0,73.93,25.44,14.09,20.75
2024-05-05,Bag,86.0,92.27,37.98,12.83,22.43
2024-05-05,Shoe Leather,82.0,61.53,23.66,9.32,18.96
2024-05-05,Jacket Leather,176.0,361.71,127.33,46.72,88.41
2024-05-05,Wallet,49.0,15.12,5.67,2.62,3.98
2024-05-05,Custom,113.0,168.06,56.04,24.82,38.01
2024-05-06,Belt,85.0,32.39,11.24,6.16,8.45
2024-05-06,Bag,85.0,84.65,33.14,13.55,23.82
2024-05-06,Shoe Leather,65.0,41.57,18.72,6.36,13.29
2024-05-06,Jacket Leather,156.0,349.95,101.14,38.56,90.23
2024-05-06,Wallet,40.0,13.81,4.5,2.17,3.35
2024-05-06,Custom,197.0,255.07,88.88,35.19,62.48
2024-05-07,Belt,116.0,43.47,16.22,7.84,13.11
2024-05-07,Bag,135.0,139.16,53.91,20.75,35.3
2024-05-07,Shoe Leather,47.0,33.17,13.45,5.35,9.55
2024-05-07,Jacket Leather,92.0,172.15,63.53,26.27,54.39
2024-05-07,Wallet,111.0,37.59,12.13,6.6,9.49
2024-05-07,Custom,217.0,284.57,109.8,42.49,71.24
2024-05-08,Belt,216.0,93.79,28.03,14.24,25.04
2024-05-08,Bag,163.0,178.74,68.16,26.75,45.41
2024-05-08,Shoe Leather,161.0,120.7,47.51,17.9,32.45
2024-05-08,Jacket Leather,195.0,426.3,123.43,56.67,105.19
2024-05-08,Wallet,179.0,62.34,19.24,10.65,14.32
2024-05-08,Custom,35.0,46.03,17.49,6.79,10.88
2024-05-09,Belt,206.0,88.85,29.5,14.02,24.05
2024-05-09,Bag,156.0,158.61,60.31,27.7,39.91
2024-05-09,Shoe Leather,179.0,128.52,49.65,19.33,34.26
2024-05-09,Jacket Leather,110.0,207.05,74.3,28.79,54.32
2024-05-09,Wallet,87.0,27.99,10.08,5.59,7.32
2024-05-09,Custom,88.0,112.29,44.95,17.46,29.77
2024-05-10,Belt,218.0,83.06,30.65,15.14,23.53
2024-05-10,Bag,132.0,155.9,52.85,22.68,35.49
2024-05-10,Shoe Leather,200.0,122.68,50.65,20.43,42.4
2024-05-10,Jacket Leather,145.0,305.41,98.15,41.47,72.09
2024-05-10,Wallet,157.0,48.2,16.78,9.1,13.85
2024-05-10,Custom,30.0,43.09,14.86,5.63,9.87
2024-05-11,Belt,169.0,72.82,21.86,12.19,17.04
2024-05-11,Bag,219.0,246.59,92.19,33.72,53.59
2024-05-11,Shoe Leather,132.0,82.79,37.74,13.18,28.97
2024-05-11,Jacket Leather,114.0,248.25,84.76,29.93,59.23
2024-05-11,Wallet,83.0,25.8,8.37,4.79,6.53
2024-05-11,Custom,178.0,264.14,86.65,38.83,57.63
2024-05-12,Belt,46.0,19.53,6.06,3.1,4.99
2024-05-12,Bag,66.0,77.19,28.52,10.34,17.01
2024-05-12,Shoe Leather,87.0,58.73,24.4,9.28,17.8
2024-05-12,Jacket Leather,217.0,487.1,141.97,56.65,106.78
2024-05-12,Wallet,57.0,18.44,5.83,3.59,5.12
2024-05-12,Custom,143.0,210.85,60.94,26.09,45.23
2024-05-13,Belt,105.0,41.1,14.31,7.32,12.08
2024-05-13,Bag,96.0,98.18,39.24,16.34,27.33
2024-05-13,Shoe Leather,133.0,92.14,39.04,15.01,29.67
2024-05-13,Jacket Leather,142.0,258.37,90.85,39.71,75.3
2024-05-13,Wallet,191.0,70.01,19.58,11.84,15.02
2024-05-13,Custom,205.0,288.27,91.67,38.25,65.17
2024-05-14,Belt,151.0,63.47,22.94,11.38,14.86
2024-05-14,Bag,145.0,149.67,59.54,22.84,39.99
2024-05-14,Shoe Leather,75.0,52.55,20.63,7.75,15.37
2024-05-14,Jacket Leather,136.0,267.28,97.28,37.99,80.26
2024-05-14,Wallet,133.0,46.83,15.26,7.65,10.54
2024-05-14,Custom,90.0,128.86,38.69,16.35,29.76
2024-05-15,Belt,216.0,97.91,28.61,13.83,23.3
2024-05-15,Bag,133.0,129.47,56.54,22.03,32.91
2024-05-15,Shoe Leather,119.0,86.09,33.86,12.75,23.81
2024-05-15,Jacket Leather,151.0,326.12,92.65,43.26,77.1
2024-05-15,Wallet,191.0,58.86,18.28,11.68,15.57
2024-05-15,Custom,69.0,102.95,32.94,12.72,24.46
2024-05-16,Belt,199.0,87.47,29.97,13.96,20.38
2024-05-16,Bag,37.0,37.09,13.77,6.16,9.27
2024-05-16,Shoe Leather,195.0,131.95,52.5,22.12,38.8
2024-05-16,Jacket Leather,101.0,218.78,73.57,26.63,54.12
2024-05-16,Wallet,192.0,58.7,21.08,10.26,15.53
2024-05-16,Custom,191.0,232.43,89.3,37.4,60.39
2024-05-17,Belt,175.0,69.4,26.92,13.24,17.42
2024-05-17,Bag,73.0,72.47,30.74,13.13,20.41
2024-05-17,Shoe Leather,110.0,77.33,28.03,12.08,25.44
2024-05-17,Jacket Leather,73.0,158.33,50.93,19.2,37.4
2024-05-17,Wallet,94.0,31.65,10.47,5.56,7.79
2024-05-17,Custom,194.0,238.17,89.15,36.13,61.28
2024-05-18,Belt,173.0,64.21,23.97,11.34,19.77
2024-05-18,Bag,60.0,59.28,23.72,10.85,15.4
2024-05-18,Shoe Leather,74.0,54.04,18.08,7.77,15.25
2024-05-18,Jacket Leather,154.0,321.69,102.79,43.85,83.79
2024-05-18,Wallet,146.0,48.99,16.2,9.17,11.11
2024-05-18,Custom,123.0,167.63,62.05,24.21,40.83
2024-05-19,Belt,180.0,74.03,25.02,12.01,19.23
2024-05-19,Bag,35.0,36.43,12.98,5.48,8.47
2024-05-19,Shoe Leather,174.0,123.54,45.27,17.36,34.54
2024-05-19,Jacket Leather,189.0,398.18,137.17,55.93,99.99
2024-05-19,Wallet,141.0,49.27,14.77,8.78,12.83
2024-05-19,Custom,105.0,146.7,51.32,19.28,39.12
2024-05-20,Belt,52.0,19.41,7.94,3.6,5.5
2024-05-20,Bag,59.0,67.53,22.36,9.84,15.75
2024-05-20,Shoe Leather,103.0,76.14,25.37,10.64,19.93
2024-05-20,Jacket Leather,198.0,364.15,125.16,51.64,97.38
2024-05-20,Wallet,40.0,14.59,4.63,2.25,3.13
2024-05-20,Custom,155.0,225.86,79.46,30.43,47.77
2024-05-21,Belt,104.0,42.04,13.13,7.89,11.54
2024-05-21,Bag,173.0,167.57,75.5,27.29,42.18
2024-05-21,Shoe Leather,105.0,69.49,28.78,9.94,20.14
2024-05-21,Jacket Leather,184.0,390.69,119.3,54.0,96.8
2024-05-21,Wallet,203.0,64.68,19.61,11.7,15.5
2024-05-21,Custom,92.0,117.02,40.72,19.62,34.22
2024-05-22,Belt,65.0,26.45,8.85,4.94,6.26
2024-05-22,Bag,173.0,180.33,73.61,30.7,49.33
2024-05-22,Shoe Leather,58.0,38.13,15.32,6.17,11.38
2024-05-22,Jacket Leather,135.0,257.41,88.02,39.67,73.7
2024-05-22,Wallet,54.0,17.49,5.54,3.11,4.61
2024-05-22,Custom,211.0,256.89,96.89,43.92,67.21
2024-05-23,Belt,91.0,41.21,12.41,6.19,9.24
2024-05-23,Bag,102.0,103.93,41.16,15.85,28.58
2024-05-23,Shoe Leather,214.0,134.7,58.39,20.73,40.88
2024-05-23,Jacket Leather,116.0,247.74,76.71,32.49,59.64
2024-05-23,Wallet,63.0,19.32,6.58,3.7,4.76
2024-05-23,Custom,188.0,262.65,89.82,40.48,61.19
2024-05-24,Belt,210.0,91.29,29.2,14.64,22.77
2024-05-24,Bag,46.0,49.73,19.5,6.8,12.25
2024-05-24,Shoe Leather,117.0,85.22,32.0,13.11,22.2
2024-05-24,Jacket Leather,79.0,152.17,53.51,21.31,39.93
2024-05-24,Wallet,76.0,24.3,8.49,4.23,6.74
2024-05-24,Custom,137.0,167.83,61.48,25.0,51.29
2024-05-25,Belt,41.0,15.61,6.26,3.16,4.58
2024-05-25,Bag,159.0,174.63,64.4,24.91,45.43
2024-05-25,Shoe Leather,154.0,104.15,45.54,15.68,33.69
2024-05-25,Jacket Leather,147.0,280.93,90.8,36.61,81.25
2024-05-25,Wallet,136.0,42.53,15.9,7.45,11.41
2024-05-25,Custom,41.0,53.42,19.13,7.34,12.73
2024-05-26,Belt,205.0,75.84,29.71,14.23,21.9
2024-05-26,Bag,181.0,195.35,76.55,31.71,47.85
2024-05-26,Shoe Leather,44.0,32.48,12.09,4.72,9.31
2024-05-26,Jacket Leather,167.0,342.84,122.04,41.55,96.03
2024-05-26,Wallet,87.0,29.06,8.5,5.34,6.84
2024-05-26,Custom,156.0,219.67,79.56,33.1,55.15
2024-05-27,Belt,193.0,81.3,27.68,12.89,21.52
2024-05-27,Bag,173.0,175.79,73.6,29.27,47.68
2024-05-27,Shoe Leather,169.0,110.85,47.28,18.09,34.55
2024-05-27,Jacket Leather,61.0,132.27,45.32,16.35,32.96
2024-05-27,Wallet,34.0,10.61,3.52,2.09,2.96
2024-05-27,Custom,108.0,158.08,45.51,20.76,37.23
2024-05-28,Belt,139.0,51.24,19.77,10.53,16.13
2024-05-28,Bag,64.0,75.05,26.62,11.23,16.87
2024-05-28,Shoe Leather,202.0,151.98,51.4,20.86,42.54
2024-05-28,Jacket Leather,201.0,373.52,127.56,59.95,107.35
2024-05-28,Wallet,186.0,57.82,17.85,11.84,15.18
2024-05-28,Custom,156.0,203.03,70.29,30.52,55.11
2024-05-29,Belt,99.0,41.51,14.54,6.78,11.0
2024-05-29,Bag,137.0,154.19,58.75,23.75,39.96
2024-05-29,Shoe Leather,48.0,34.31,13.3,4.74,9.13
2024-05-29,Jacket Leather,115.0,224.19,78.24,33.04,58.62
2024-05-29,Wallet,71.0,24.31,7.16,3.99,5.56
2024-05-29,Custom,166.0,204.55,70.67,30.38,57.59
2024-05-30,Belt,212.0,82.25,30.77,15.96,20.23
2024-05-30,Bag,200.0,205.7,80.49,33.59,55.81
2024-05-30,Shoe Leather,94.0,70.56,25.65,9.17,21.55
2024-05-30,Jacket Leather,36.0,75.37,24.36,9.09,20.29
2024-05-30,Wallet,139.0,45.72,16.08,8.22,12.0
2024-05-30,Custom,150.0,223.18,75.5,28.71,56.19
2024-05-31,Belt,33.0,13.27,4.91,2.3,3.42
2024-05-31,Bag,211.0,230.54,92.13,33.37,57.99
2024-05-31,Shoe Leather,86.0,57.09,21.08,8.78,18.21
2024-05-31,Jacket Leather,107.0,197.19,72.91,26.49,53.09
2024-05-31,Wallet,122.0,44.87,12.77,7.91,8.97
2024-05-31,Custom,76.0,105.24,35.4,14.85,25.65
2024-06-01,Belt,38.0,16.04,5.85,2.47,3.98
2024-06-01,Bag,172.0,187.15,64.96,30.55,44.53
2024-06-01,Shoe Leather,220.0,155.89,53.73,23.91,48.6
2024-06-01,Jacket Leather,35.0,71.22,24.09,10.11,19.04
2024-06-01,Wallet,190.0,68.93,20.27,10.17,15.85
2024-06-01,Custom,112.0,140.45,49.12,24.25,38.76
2024-06-02,Belt,227.0,90.72,32.76,16.07,23.06
2024-06-02,Bag,215.0,236.97,94.71,32.25,57.88
2024-06-02,Shoe Leather,144.0,106.71,37.72,14.59,28.45
2024-06-02,Jacket Leather,32.0,61.62,23.7,8.2,16.64
2024-06-02,Wallet,77.0,23.56,7.94,4.52,6.41
2024-06-02,Custom,136.0,165.24,69.55,25.23,49.34
2024-06-03,Belt,129.0,47.71,20.08,8.3,14.57
2024-06-03,Bag,200.0,218.73,79.45,33.59,48.46
2024-06-03,Shoe Leather,211.0,130.2,58.24,24.23,43.53
2024-06-03,Jacket Leather,204.0,449.8,148.73,51.5,108.72
2024-06-03,Wallet,160.0,55.4,16.35,9.97,13.28
2024-06-03,Custom,211.0,311.6,98.48,41.67,64.49
2024-06-04,Belt,182.0,80.53,23.79,12.58,17.22
2024-06-04,Bag,216.0,237.38,82.99,32.25,59.75
2024-06-04,Shoe Leather,75.0,48.46,21.59,7.96,15.34
2024-06-04,Jacket Leather,195.0,355.8,122.99,55.5,99.81
2024-06-04,Wallet,67.0,20.71,6.95,3.96,5.51
2024-06-04,Custom,173.0,222.68,76.13,34.42,52.85
2024-06-05,Belt,78.0,32.32,11.0,6.05,7.7
2024-06-05,Bag,112.0,133.33,41.77,16.9,27.42
2024-06-05,Shoe Leather,208.0,153.83,56.48,21.76,42.38
2024-06-05,Jacket Leather,146.0,293.79,98.44,43.11,87.01
2024-06-05,Wallet,228.0,71.42,24.19,12.66,18.18
2024-06-05,Custom,210.0,295.28,103.5,37.9,78.07
2024-06-06,Belt,76.0,31.45,9.7,4.77,8.28
2024-06-06,Bag,218.0,227.61,94.9,35.27,60.94
2024-06-06,Shoe Leather,102.0,64.64,25.17,11.82,22.0
2024-06-06,Jacket Leather,56.0,108.68,37.06,14.2,27.5
2024-06-06,Wallet,154.0,53.91,15.31,9.24,11.65
2024-06-06,Custom,214.0,315.45,91.52,40.79,70.66
2024-06-07,Belt,185.0,83.96,24.62,14.07,20.92
2024-06-07,Bag,211.0,227.65,89.21,36.49,58.4
2024-06-07,Shoe Leather,224.0,162.12,58.31,24.81,46.5
2024-06-07,Jacket Leather,227.0,448.48,155.28,55.66,114.27
2024-06-07,Wallet,69.0,24.58,6.77,4.0,5.76
2024-06-07,Custom,111.0,154.19,53.07,20.15,39.0
2024-06-08,Belt,202.0,81.07,26.21,13.18,23.36
2024-06-08,Bag,120.0,127.58,45.33,19.31,31.35
2024-06-08,Shoe Leather,151.0,106.75,40.72,15.71,31.01
2024-06-08,Jacket Leather,184.0,379.53,116.21,49.36,100.45
2024-06-08,Wallet,78.0,24.92,7.46,4.88,6.06
2024-06-08,Custom,172.0,246.56,82.03,32.65,61.11
2024-06-09,Belt,145.0,58.48,19.11,10.24,14.12
2024-06-09,Bag,216.0,215.57,84.44,34.97,59.69
2024-06-09,Shoe Leather,208.0,132.12,54.02,21.59,47.79
2024-06-09,Jacket Leather,70.0,130.57,46.09,17.41,35.02
2024-06-09,Wallet,153.0,51.92,14.8,9.25,12.74
2024-06-09,Custom,162.0,201.08,72.01,33.28,52.47
2024-06-10,Belt,216.0,95.8,31.0,16.52,23.35
2024-06-10,Bag,185.0,212.88,77.8,29.08,47.35
2024-06-10,Shoe Leather,75.0,47.36,19.16,7.38,14.92
2024-06-10,Jacket Leather,66.0,132.64,45.98,18.22,32.46
2024-06-10,Wallet,141.0,43.68,13.57,7.69,11.62
2024-06-10,Custom,49.0,63.61,22.7,10.51,15.08
2024-06-11,Belt,207.0,88.12,31.02,15.93,19.64
2024-06-11,Bag,134.0,147.06,57.71,22.87,38.7
2024-06-11,Shoe Leather,147.0,104.0,43.38,17.19,32.55
2024-06-11,Jacket Leather,130.0,243.99,91.35,33.84,63.74
2024-06-11,Wallet,153.0,46.69,17.6,8.1,11.83
2024-06-11,Custom,178.0,250.17,79.24,37.61,64.19
2024-06-12,Belt,167.0,71.29,25.7,12.07,18.8
2024-06-12,Bag,120.0,141.36,47.17,20.87,34.18
2024-06-12,Shoe Leather,124.0,78.18,32.26,11.86,24.43
2024-06-12,Jacket Leather,191.0,407.41,132.31,48.42,103.39
2024-06-12,Wallet,226.0,71.15,22.38,12.74,19.11
2024-06-12,Custom,92.0,111.75,43.64,20.11,33.58
2024-06-13,Belt,141.0,56.27,20.9,10.76,15.97
2024-06-13,Bag,216.0,241.67,91.63,31.99,62.04
2024-06-13,Shoe Leather,182.0,123.43,45.01,18.18,36.92
2024-06-13,Jacket Leather,118.0,258.15,76.78,34.21,68.39
2024-06-13,Wallet,66.0,21.46,7.61,3.55,5.85
2024-06-13,Custom,163.0,212.04,76.5,33.52,55.58
2024-06-14,Belt,151.0,59.62,19.34,9.93,14.31
2024-06-14,Bag,218.0,258.81,86.55,37.17,62.19
2024-06-14,Shoe Leather,106.0,77.98,27.38,11.89,23.88
2024-06-14,Jacket Leather,145.0,307.4,103.83,40.64,74.19
2024-06-14,Wallet,160.0,55.98,16.19,10.09,14.41
2024-06-14,Custom,211.0,266.65,105.96,43.74,74.0
2024-06-15,Belt,97.0,41.59,13.65,6.96,10.13
2024-06-15,Bag,170.0,202.71,76.39,30.56,45.01
2024-06-15,Shoe Leather,45.0,31.89,12.71,4.64,10.32
2024-06-15,Jacket Leather,56.0,104.44,38.83,14.42,28.97
2024-06-15,Wallet,113.0,42.43,12.45,6.85,8.87
2024-06-15,Custom,168.0,233.27,85.07,30.93,63.06
2024-06-16,Belt,229.0,86.91,28.91,16.29,26.66
2024-06-16,Bag,230.0,235.65,95.12,35.18,57.75
2024-06-16,Shoe Leather,197.0,123.71,52.39,18.93,40.83
2024-06-16,Jacket Leather,167.0,308.56,117.73,46.03,88.61
2024-06-16,Wallet,120.0,40.01,13.51,7.62,10.59
2024-06-16,Custom,165.0,218.91,76.79,31.22,59.19
2024-06-17,Belt,120.0,50.91,17.76,8.1,13.59
2024-06-17,Bag,103.0,121.19,40.92,15.32,26.06
2024-06-17,Shoe Leather,209.0,133.9,50.46,24.05,47.43
2024-06-17,Jacket Leather,54.0,116.32,38.46,15.19,31.26
2024-06-17,Wallet,105.0,39.04,10.94,5.67,8.66
2024-06-17,Custom,117.0,143.18,57.62,24.33,37.47
2024-06-18,Belt,223.0,82.5,34.69,14.8,21.31
2024-06-18,Bag,142.0,145.88,59.84,21.24,37.92
2024-06-18,Shoe Leather,149.0,100.4,41.8,15.8,33.96
2024-06-18,Jacket Leather,189.0,398.22,115.97,51.46,92.11
2024-06-18,Wallet,105.0,35.65,12.25,6.5,8.17
2024-06-18,Custom,102.0,152.04,51.51,18.6,36.23
2024-06-19,Belt,112.0,49.73,15.25,8.69,10.93
2024-06-19,Bag,165.0,193.53,61.57,29.96,48.83
2024-06-19,Shoe Leather,149.0,95.85,36.59,14.72,31.91
2024-06-19,Jacket Leather,223.0,425.91,147.29,59.37,132.54
2024-06-19,Wallet,163.0,55.37,16.59,8.76,14.68
2024-06-19,Custom,148.0,208.94,76.89,28.41,52.32
2024-06-20,Belt,146.0,65.33,21.53,9.82,14.86
2024-06-20,Bag,67.0,76.68,24.95,11.91,16.69
2024-06-20,Shoe Leather,99.0,73.78,25.24,11.24,19.4
2024-06-20,Jacket Leather,94.0,191.39,60.46,23.45,54.73
2024-06-20,Wallet,210.0,64.16,23.64,13.6,17.66
2024-06-20,Custom,144.0,185.65,65.84,28.08,49.48
2024-06-21,Belt,105.0,44.03,15.44,6.92,10.98
2024-06-21,Bag,177.0,203.92,76.69,30.09,44.44
2024-06-21,Shoe Leather,91.0,56.79,24.04,9.48,17.43
2024-06-21,Jacket Leather,192.0,366.48,124.29,57.12,109.04
2024-06-21,Wallet,68.0,21.67,7.05,4.39,5.19
2024-06-21,Custom,88.0,127.53,41.53,18.07,29.91
2024-06-22,Belt,195.0,77.63,28.29,12.87,19.1
2024-06-22,Bag,208.0,226.23,89.97,36.57,58.53
2024-06-22,Shoe Leather,76.0,46.8,19.71,7.68,16.45
2024-06-22,Jacket Leather,139.0,288.88,100.98,38.96,75.74
2024-06-22,Wallet,228.0,71.57,22.54,12.64,17.94
2024-06-22,Custom,89.0,122.82,42.18,18.81,31.79
2024-06-23,Belt,98.0,39.89,14.65,6.42,9.47
2024-06-23,Bag,44.0,46.08,18.85,6.52,12.4
2024-06-23,Shoe Leather,108.0,77.24,28.36,10.43,21.42
2024-06-23,Jacket Leather,123.0,230.98,80.12,30.3,72.2
2024-06-23,Wallet,167.0,55.64,16.7,10.46,13.27
2024-06-23,Custom,48.0,60.57,24.95,9.04,17.3
2024-06-24,Belt,187.0,75.94,25.13,12.0,21.35
2024-06-24,Bag,75.0,74.87,33.38,11.81,19.6
2024-06-24,Shoe Leather,216.0,135.33,52.28,22.88,46.56
2024-06-24,Jacket Leather,80.0,175.36,49.17,20.45,42.81
2024-06-24,Wallet,50.0,15.67,5.32,3.08,3.94
2024-06-24,Custom,216.0,288.85,101.42,41.84,80.13
2024-06-25,Belt,48.0,19.01,6.71,3.27,5.35
2024-06-25,Bag,82.0,95.1,32.7,14.32,24.21
2024-06-25,Shoe Leather,38.0,24.88,10.31,3.61,8.41
2024-06-25,Jacket Leather,166.0,305.04,110.7,46.49,88.72
2024-06-25,Wallet,195.0,66.04,21.18,11.43,16.62
2024-06-25,Custom,112.0,153.29,49.48,21.45,40.31
2024-06-26,Belt,78.0,31.14,10.04,5.51,8.03
2024-06-26,Bag,33.0,34.64,13.32,5.81,8.84
2024-06-26,Shoe Leather,44.0,30.81,12.38,4.83,9.35
2024-06-26,Jacket Leather,81.0,146.9,49.7,24.07,41.3
2024-06-26,Wallet,55.0,18.16,5.33,3.37,4.83
2024-06-26,Custom,79.0,108.68,38.83,16.63,29.55
2024-06-27,Belt,47.0,18.64,7.28,3.34,4.99
2024-06-27,Bag,135.0,134.56,53.66,23.78,37.36
2024-06-27,Shoe Leather,84.0,53.49,22.97,9.04,16.66
2024-06-27,Jacket Leather,86.0,159.68,62.13,24.99,43.39
2024-06-27,Wallet,168.0,53.17,18.55,9.94,14.22
2024-06-27,Custom,128.0,165.23,60.44,26.94,46.78
2024-06-28,Belt,205.0,90.62,29.9,14.24,23.74
2024-06-28,Bag,45.0,50.84,17.35,6.78,12.29
2024-06-28,Shoe Leather,41.0,29.25,10.18,4.15,8.72
2024-06-28,Jacket Leather,43.0,79.27,27.31,12.15,24.32
2024-06-28,Wallet,158.0,59.03,17.46,10.09,13.68
2024-06-28,Custom,133.0,168.07,60.39,26.56,40.84
2024-06-29,Belt,177.0,72.82,25.17,12.07,18.84
2024-06-29,Bag,41.0,47.22,15.97,7.13,10.8
2024-06-29,Shoe Leather,45.0,33.1,12.85,5.08,8.81
2024-06-29,Jacket Leather,206.0,453.36,136.91,53.11,116.55
2024-06-29,Wallet,70.0,21.61,7.4,3.99,6.3
2024-06-29,Custom,159.0,193.71,76.48,28.73,52.01
2024-06-30,Belt,156.0,70.81,22.14,11.3,15.62
2024-06-30,Bag,65.0,69.31,24.35,9.81,18.86
2024-06-30,Shoe Leather,81.0,50.58,20.71,9.15,16.66
2024-06-30,Jacket Leather,58.0,116.55,41.8,15.28,30.72
2024-06-30,Wallet,122.0,38.13,11.63,7.06,10.75
2024-06-30,Custom,49.0,61.02,22.67,10.1,18.11
2024-07-01,Belt,166.0,65.93,22.52,10.74,17.08
2024-07-01,Bag,159.0,168.01,72.09,28.14,43.46
2024-07-01,Shoe Leather,180.0,125.65,50.86,18.22,39.24
2024-07-01,Jacket Leather,117.0,236.62,84.0,30.11,60.71
2024-07-01,Wallet,50.0,16.86,4.89,2.75,4.18
2024-07-01,Custom,174.0,237.23,77.36,33.57,63.68
2024-07-02,Belt,144.0,54.36,21.45,11.06,16.06
2024-07-02,Bag,105.0,111.01,44.32,15.8,29.61
2024-07-02,Shoe Leather,52.0,38.27,13.66,4.98,11.63
2024-07-02,Jacket Leather,97.0,193.05,71.37,27.02,56.82
2024-07-02,Wallet,101.0,32.65,10.23,6.35,8.24
2024-07-02,Custom,34.0,48.77,16.68,6.54,10.87
2024-07-03,Belt,108.0,43.33,14.32,7.95,12.54
2024-07-03,Bag,171.0,178.01,69.85,26.02,50.98
2024-07-03,Shoe Leather,187.0,119.56,55.44,19.13,43.67
2024-07-03,Jacket Leather,126.0,260.41,77.33,30.76,67.51
2024-07-03,Wallet,124.0,40.31,11.77,7.26,9.95
2024-07-03,Custom,200.0,277.84,86.61,44.1,63.75
2024-07-04,Belt,125.0,56.41,18.35,8.58,14.5
2024-07-04,Bag,92.0,102.34,35.6,15.57,27.15
2024-07-04,Shoe Leather,76.0,48.54,21.84,8.44,14.58
2024-07-04,Jacket Leather,106.0,204.42,67.94,31.54,62.63
2024-07-04,Wallet,104.0,36.92,12.06,5.92,9.06
2024-07-04,Custom,36.0,52.62,15.81,7.9,11.57
2024-07-05,Belt,127.0,53.39,17.91,8.27,12.72
2024-07-05,Bag,54.0,55.15,20.18,8.53,14.55
2024-07-05,Shoe Leather,186.0,131.32,46.23,21.59,42.44
2024-07-05,Jacket Leather,193.0,424.07,121.69,53.2,107.89
2024-07-05,Wallet,170.0,52.74,17.15,10.17,13.26
2024-07-05,Custom,74.0,104.21,36.02,13.35,24.54
2024-07-06,Belt,187.0,73.87,26.47,14.2,19.65
2024-07-06,Bag,104.0,112.8,44.55,16.83,30.6
2024-07-06,Shoe Leather,178.0,133.09,50.02,17.12,40.47
2024-07-06,Jacket Leather,145.0,268.35,100.1,38.59,84.88
2024-07-06,Wallet,179.0,57.24,17.51,9.52,15.7
2024-07-06,Custom,43.0,57.92,19.2,8.48,15.68
2024-07-07,Belt,178.0,74.85,23.32,12.56,19.65
2024-07-07,Bag,46.0,49.0,17.67,6.97,11.88
2024-07-07,Shoe Leather,60.0,43.57,14.48,6.27,12.2
2024-07-07,Jacket Leather,143.0,289.14,102.12,42.76,70.11
2024-07-07,Wallet,157.0,49.15,18.2,9.48,13.62
2024-07-07,Custom,74.0,89.94,36.86,13.65,25.08
2024-07-08,Belt,207.0,93.07,28.93,13.95,22.19
2024-07-08,Bag,162.0,184.31,71.97,26.19,43.98
2024-07-08,Shoe Leather,143.0,92.58,38.85,16.49,32.18
2024-07-08,Jacket Leather,48.0,105.71,29.32,14.01,23.22
2024-07-08,Wallet,200.0,73.98,20.13,11.71,15.87
2024-07-08,Custom,82.0,105.21,37.62,18.05,25.2
2024-07-09,Belt,48.0,19.09,6.62,3.51,4.87
2024-07-09,Bag,80.0,78.45,30.13,14.16,21.44
2024-07-09,Shoe Leather,134.0,99.92,34.93,14.38,30.8
2024-07-09,Jacket Leather,104.0,218.08,77.85,29.32,57.33
2024-07-09,Wallet,67.0,25.24,7.19,3.55,5.26
2024-07-09,Custom,87.0,122.83,43.25,16.39,32.11
2024-07-10,Belt,104.0,46.47,13.47,6.67,10.18
2024-07-10,Bag,178.0,191.97,74.66,27.53,48.46
2024-07-10,Shoe Leather,41.0,26.63,10.08,4.47,7.97
2024-07-10,Jacket Leather,56.0,120.53,35.52,14.78,29.31
2024-07-10,Wallet,36.0,13.04,3.8,2.25,3.02
2024-07-10,Custom,131.0,188.83,58.19,24.65,44.72
2024-07-11,Belt,72.0,27.44,9.5,4.75,7.66
2024-07-11,Bag,134.0,159.19,55.92,23.74,33.42
2024-07-11,Shoe Leather,105.0,77.49,29.0,11.67,21.7
2024-07-11,Jacket Leather,166.0,311.44,107.57,45.71,94.03
2024-07-11,Wallet,198.0,73.9,19.77,11.23,17.62
2024-07-11,Custom,173.0,252.97,75.4,32.13,55.99
2024-07-12,Belt,73.0,31.6,9.33,4.66,7.55
2024-07-12,Bag,28.0,32.43,10.59,5.14,8.05
2024-07-12,Shoe Leather,67.0,44.1,20.07,7.0,14.1
2024-07-12,Jacket Leather,130.0,291.77,83.82,36.53,73.58
2024-07-12,Wallet,141.0,42.89,14.84,9.12,11.02
2024-07-12,Custom,181.0,263.01,76.76,38.9,61.31
2024-07-13,Belt,30.0,11.53,4.7,1.95,3.01
2024-07-13,Bag,195.0,197.99,75.9,34.61,48.04
2024-07-13,Shoe Leather,111.0,71.54,28.21,11.53,24.53
2024-07-13,Jacket Leather,48.0,94.31,35.65,14.08,27.31
2024-07-13,Wallet,124.0,38.21,12.55,6.9,10.17
2024-07-13,Custom,66.0,80.88,32.42,11.74,23.02
2024-07-14,Belt,183.0,72.4,23.44,13.48,17.37
2024-07-14,Bag,199.0,202.11,76.03,35.21,53.02
2024-07-14,Shoe Leather,129.0,93.89,33.39,13.51,28.65
2024-07-14,Jacket Leather,107.0,234.55,66.19,26.57,58.87
2024-07-14,Wallet,40.0,14.8,3.91,2.47,3.33
2024-07-14,Custom,192.0,231.83,85.6,38.48,68.48
2024-07-15,Belt,139.0,57.88,20.1,9.82,13.27
2024-07-15,Bag,99.0,105.65,38.87,17.74,24.57
2024-07-15,Shoe Leather,47.0,30.53,11.93,4.88,9.08
2024-07-15,Jacket Leather,165.0,332.8,104.59,42.81,91.65
2024-07-15,Wallet,185.0,67.26,20.71,9.99,15.7
2024-07-15,Custom,116.0,156.59,57.54,22.0,42.07
2024-07-16,Belt,154.0,57.02,22.34,9.88,16.05
2024-07-16,Bag,88.0,96.43,33.5,15.13,25.38
2024-07-16,Shoe Leather,43.0,26.68,10.68,4.88,9.1
2024-07-16,Jacket Leather,188.0,363.42,139.39,50.14,93.64
2024-07-16,Wallet,168.0,58.83,16.17,9.06,12.5
2024-07-16,Custom,149.0,199.17,76.06,27.47,49.6
2024-07-17,Belt,78.0,34.32,11.48,5.04,8.65
2024-07-17,Bag,116.0,134.84,44.32,18.81,31.08
2024-07-17,Shoe Leather,88.0,61.53,24.66,10.33,17.0
2024-07-17,Jacket Leather,48.0,94.66,31.32,11.53,23.44
2024-07-17,Wallet,133.0,46.73,14.51,7.2,11.29
2024-07-17,Custom,125.0,179.1,62.1,25.52,40.12
2024-07-18,Belt,151.0,66.43,22.21,10.56,14.46
2024-07-18,Bag,29.0,31.59,12.84,5.31,7.58
2024-07-18,Shoe Leather,183.0,125.63,44.98,21.34,37.62
2024-07-18,Jacket Leather,154.0,303.21,108.96,43.03,86.99
2024-07-18,Wallet,52.0,17.11,5.08,3.17,3.88
2024-07-18,Custom,184.0,229.94,90.6,40.52,69.25
2024-07-19,Belt,169.0,75.01,25.04,11.92,18.16
2024-07-19,Bag,124.0,144.23,55.29,19.35,33.99
2024-07-19,Shoe Leather,88.0,58.08,22.63,9.6,16.8
2024-07-19,Jacket Leather,47.0,94.91,32.44,12.93,25.31
2024-07-19,Wallet,36.0,11.23,4.03,2.16,2.77
2024-07-19,Custom,107.0,135.47,49.39,23.49,35.77
2024-07-20,Belt,116.0,42.77,14.77,8.3,13.09
2024-07-20,Bag,97.0,99.94,44.05,17.52,25.86
2024-07-20,Shoe Leather,74.0,51.85,20.37,8.24,16.26
2024-07-20,Jacket Leather,156.0,329.47,101.29,43.84,80.73
2024-07-20,Wallet,97.0,35.54,11.26,5.85,7.43
2024-07-20,Custom,200.0,260.98,96.26,38.53,72.33
2024-07-21,Belt,83.0,35.46,12.48,5.28,9.2
2024-07-21,Bag,125.0,148.55,49.38,18.52,33.4
2024-07-21,Shoe Leather,139.0,85.14,38.12,13.63,30.66
2024-07-21,Jacket Leather,99.0,188.77,69.07,24.13,53.21
2024-07-21,Wallet,50.0,15.86,5.62,2.96,4.5
2024-07-21,Custom,43.0,60.88,19.04,9.26,14.8
2024-07-22,Belt,38.0,16.73,5.35,2.91,4.38
2024-07-22,Bag,162.0,192.56,63.48,25.41,42.29
2024-07-22,Shoe Leather,84.0,56.46,21.43,9.55,16.54
2024-07-22,Jacket Leather,195.0,409.07,144.21,48.92,115.75
2024-07-22,Wallet,139.0,51.74,15.22,7.8,10.65
2024-07-22,Custom,134.0,193.26,60.76,27.18,45.79
2024-07-23,Belt,106.0,46.51,13.86,6.91,11.6
2024-07-23,Bag,138.0,159.68,57.19,20.67,35.14
2024-07-23,Shoe Leather,197.0,123.31,51.63,19.6,39.1
2024-07-23,Jacket Leather,69.0,144.83,44.91,16.9,37.13
2024-07-23,Wallet,104.0,35.36,10.11,5.99,8.23
2024-07-23,Custom,29.0,41.42,14.35,6.48,11.07
2024-07-24,Belt,125.0,47.53,19.14,8.42,12.48
2024-07-24,Bag,144.0,169.72,57.9,24.41,38.44
2024-07-24,Shoe Leather,39.0,25.47,11.11,4.5,9.01
2024-07-24,Jacket Leather,104.0,232.89,67.27,28.99,56.17
2024-07-24,Wallet,166.0,53.85,19.12,10.04,14.32
2024-07-24,Custom,163.0,212.14,81.56,33.89,53.3
2024-07-25,Belt,203.0,76.41,31.09,15.66,23.69
2024-07-25,Bag,136.0,149.85,51.2,20.05,39.91
2024-07-25,Shoe Leather,47.0,33.88,13.92,4.62,9.35
2024-07-25,Jacket Leather,120.0,267.42,88.79,32.37,68.76
2024-07-25,Wallet,140.0,52.53,14.28,7.44,12.06
2024-07-25,Custom,91.0,112.75,40.78,19.44,30.27
2024-07-26,Belt,56.0,21.05,7.73,3.88,5.95
2024-07-26,Bag,198.0,198.45,89.67,34.72,50.92
2024-07-26,Shoe Leather,207.0,130.44,57.85,22.96,46.47
2024-07-26,Jacket Leather,119.0,241.22,86.83,31.72,67.03
2024-07-26,Wallet,81.0,25.61,8.29,4.88,6.04
2024-07-26,Custom,140.0,190.1,72.57,27.74,50.79
2024-07-27,Belt,78.0,30.98,10.73,5.95,8.79
2024-07-27,Bag,38.0,42.21,15.35,5.78,9.38
2024-07-27,Shoe Leather,71.0,50.04,18.34,7.45,14.57
2024-07-27,Jacket Leather,146.0,286.0,99.83,36.7,86.81
2024-07-27,Wallet,47.0,16.6,5.09,2.64,3.44
2024-07-27,Custom,175.0,212.07,83.67,34.58,59.79
2024-07-28,Belt,189.0,81.89,28.05,12.32,21.6
2024-07-28,Bag,120.0,122.05,52.51,20.06,30.36
2024-07-28,Shoe Leather,154.0,103.55,37.78,16.55,33.23
2024-07-28,Jacket Leather,40.0,72.98,27.43,9.76,22.49
2024-07-28,Wallet,139.0,48.54,14.23,9.01,11.36
2024-07-28,Custom,185.0,239.19,93.9,40.19,56.42
2024-07-29,Belt,166.0,69.62,23.4,10.95,17.45
2024-07-29,Bag,177.0,180.87,77.8,28.84,47.62
2024-07-29,Shoe Leather,161.0,112.48,43.79,15.64,33.06
2024-07-29,Jacket Leather,197.0,436.31,132.84,49.54,101.82
2024-07-29,Wallet,36.0,11.42,3.74,2.31,3.1
2024-07-29,Custom,60.0,74.42,27.42,10.76,21.93
2024-07-30,Belt,195.0,82.33,28.72,13.52,19.75
2024-07-30,Bag,154.0,182.81,60.46,25.21,45.78
2024-07-30,Shoe Leather,115.0,80.25,33.66,11.07,23.44
2024-07-30,Jacket Leather,192.0,382.36,123.01,52.23,114.67
2024-07-30,Wallet,83.0,26.44,8.25,4.63,6.67
2024-07-30,Custom,67.0,99.38,30.8,12.34,23.97
2024-07-31,Belt,29.0,11.52,4.59,2.23,3.05
2024-07-31,Bag,55.0,55.25,24.06,9.29,13.45
2024-07-31,Shoe Leather,91.0,63.91,26.74,9.9,17.79
2024-07-31,Jacket Leather,89.0,177.68,66.65,23.65,51.06
2024-07-31,Wallet,123.0,38.03,13.43,7.49,9.74
2024-07-31,Custom,152.0,219.62,75.87,28.43,55.16
2024-08-01,Belt,168.0,64.03,25.96,11.06,18.05
2024-08-01,Bag,169.0,185.85,71.73,24.97,50.21
2024-08-01,Shoe Leather,54.0,36.82,13.84,5.96,10.24
2024-08-01,Jacket Leather,28.0,58.72,20.32,6.76,15.21
2024-08-01,Wallet,110.0,39.12,12.4,6.68,8.31
2024-08-01,Custom,135.0,192.71,63.25,24.95,47.45
2024-08-02,Belt,72.0,31.88,9.53,5.19,6.94
2024-08-02,Bag,58.0,62.51,21.54,9.73,14.75
2024-08-02,Shoe Leather,184.0,114.99,50.91,21.21,36.41
2024-08-02,Jacket Leather,120.0,256.44,75.2,32.67,65.33
2024-08-02,Wallet,130.0,43.69,14.84,8.25,9.82
2024-08-02,Custom,127.0,185.15,54.93,26.53,39.57
2024-08-03,Belt,95.0,43.08,14.6,7.01,9.22
2024-08-03,Bag,88.0,89.98,37.92,15.66,21.94
2024-08-03,Shoe Leather,32.0,21.69,7.91,3.27,6.78
2024-08-03,Jacket Leather,52.0,111.95,32.59,14.13,30.1
2024-08-03,Wallet,157.0,53.07,16.07,8.92,12.96
2024-08-03,Custom,168.0,244.26,78.98,33.42,57.23
2024-08-04,Belt,56.0,24.57,7.71,3.79,5.89
2024-08-04,Bag,41.0,48.73,18.5,6.96,11.25
2024-08-04,Shoe Leather,164.0,102.29,41.81,18.98,33.21
2024-08-04,Jacket Leather,196.0,395.49,128.22,47.78,102.06
2024-08-04,Wallet,40.0,13.95,4.15,2.35,3.66
2024-08-04,Custom,41.0,52.19,19.45,7.88,14.8
2024-08-05,Belt,149.0,64.18,18.92,10.35,16.73
2024-08-05,Bag,76.0,82.83,29.14,13.08,18.48
2024-08-05,Shoe Leather,50.0,36.02,13.9,4.88,11.18
2024-08-05,Jacket Leather,54.0,105.55,39.98,13.43,27.19
2024-08-05,Wallet,174.0,53.92,17.18,11.17,15.74
2024-08-05,Custom,49.0,63.18,20.58,8.94,18.02
2024-08-06,Belt,149.0,63.52,23.26,10.01,16.38
2024-08-06,Bag,168.0,166.98,61.91,30.63,48.41
2024-08-06,Shoe Leather,116.0,82.95,28.81,12.51,25.43
2024-08-06,Jacket Leather,175.0,374.27,119.99,42.94,84.69
2024-08-06,Wallet,40.0,13.89,4.37,2.13,3.5
2024-08-06,Custom,130.0,173.87,59.12,23.73,47.69
2024-08-07,Belt,42.0,16.17,5.98,2.97,4.59
2024-08-07,Bag,151.0,166.22,62.71,22.49,37.06
2024-08-07,Shoe Leather,166.0,117.81,42.15,18.53,38.93
2024-08-07,Jacket Leather,69.0,150.94,43.76,17.94,35.46
2024-08-07,Wallet,153.0,56.45,14.67,8.89,11.79
2024-08-07,Custom,173.0,211.43,75.03,31.23,60.46
2024-08-08,Belt,99.0,43.63,13.99,7.02,10.61
2024-08-08,Bag,116.0,127.42,46.04,20.0,31.43
2024-08-08,Shoe Leather,148.0,92.25,38.95,14.75,28.0
2024-08-08,Jacket Leather,89.0,173.3,56.01,22.26,50.18
2024-08-08,Wallet,48.0,15.21,5.58,2.51,4.04
2024-08-08,Custom,48.0,60.94,24.05,8.94,14.78
2024-08-09,Belt,138.0,50.62,21.04,9.75,13.83
2024-08-09,Bag,130.0,154.51,50.91,20.72,34.53
2024-08-09,Shoe Leather,48.0,33.76,13.96,5.25,9.54
2024-08-09,Jacket Leather,116.0,249.7,84.23,29.06,60.97
2024-08-09,Wallet,184.0,56.11,20.57,10.47,14.8
2024-08-09,Custom,176.0,231.6,75.95,36.2,55.27
2024-08-10,Belt,145.0,54.14,19.8,10.22,15.3
2024-08-10,Bag,86.0,93.42,34.65,15.64,21.66
2024-08-10,Shoe Leather,138.0,96.85,40.12,15.78,31.72
2024-08-10,Jacket Leather,125.0,239.21,89.41,33.81,66.4
2024-08-10,Wallet,63.0,19.95,7.08,3.87,4.73
2024-08-10,Custom,158.0,231.88,71.08,30.48,49.56
2024-08-11,Belt,87.0,36.28,12.62,6.37,9.89
2024-08-11,Bag,171.0,199.91,69.92,28.25,43.17
2024-08-11,Shoe Leather,184.0,125.76,54.97,17.84,37.39
2024-08-11,Jacket Leather,137.0,269.21,101.73,33.55,74.72
2024-08-11,Wallet,191.0,68.82,20.7,11.46,16.86
2024-08-11,Custom,140.0,202.91,66.87,29.61,50.02
2024-08-12,Belt,56.0,22.68,7.27,3.6,5.95
2024-08-12,Bag,64.0,68.37,24.28,10.26,18.93
2024-08-12,Shoe Leather,189.0,142.3,53.23,19.11,41.44
2024-08-12,Jacket Leather,183.0,389.13,119.52,52.35,97.54
2024-08-12,Wallet,173.0,62.36,17.82,10.03,13.84
2024-08-12,Custom,62.0,81.46,29.81,13.32,22.91
2024-08-13,Belt,125.0,53.32,16.77,8.4,14.45
2024-08-13,Bag,160.0,166.34,60.06,27.39,45.21
2024-08-13,Shoe Leather,153.0,105.28,40.11,14.74,30.25
2024-08-13,Jacket Leather,128.0,249.58,90.48,37.27,65.22
2024-08-13,Wallet,36.0,11.97,3.62,2.08,2.71
2024-08-13,Custom,76.0,96.07,33.58,15.15,24.88
2024-08-14,Belt,58.0,24.42,8.38,4.34,5.98
2024-08-14,Bag,98.0,114.35,39.61,16.82,25.2
2024-08-14,Shoe Leather,119.0,81.28,28.95,12.75,27.38
2024-08-14,Jacket Leather,107.0,219.59,72.34,31.68,60.03
2024-08-14,Wallet,58.0,21.41,6.72,3.47,4.94
2024-08-14,Custom,129.0,176.95,58.65,23.87,43.89
2024-08-15,Belt,44.0,19.74,6.37,2.91,4.77
2024-08-15,Bag,39.0,39.25,14.36,6.69,11.19
2024-08-15,Shoe Leather,136.0,100.3,37.51,14.46,25.86
2024-08-15,Jacket Leather,115.0,253.71,82.4,31.19,68.78
2024-08-15,Wallet,176.0,57.29,18.91,9.46,14.24
2024-08-15,Custom,108.0,150.09,46.88,21.31,37.28
2024-08-16,Belt,166.0,65.63,23.05,12.56,18.2
2024-08-16,Bag,137.0,157.2,57.25,24.71,38.23
2024-08-16,Shoe Leather,134.0,88.07,34.81,14.22,31.02
2024-08-16,Jacket Leather,107.0,204.19,68.41,27.03,53.28
2024-08-16,Wallet,176.0,59.15,18.2,11.28,15.32
2024-08-16,Custom,32.0,46.99,14.7,5.7,10.19
2024-08-17,Belt,190.0,71.5,28.09,13.07,21.3
2024-08-17,Bag,140.0,153.71,60.07,25.1,40.76
2024-08-17,Shoe Leather,94.0,58.59,26.18,10.35,19.47
2024-08-17,Jacket Leather,78.0,146.5,53.7,20.12,38.01
2024-08-17,Wallet,137.0,48.17,13.54,7.43,12.45
2024-08-17,Custom,132.0,178.17,56.41,26.72,48.35
2024-08-18,Belt,136.0,55.06,18.43,10.41,13.43
2024-08-18,Bag,196.0,207.84,72.81,31.23,50.37
2024-08-18,Shoe Leather,123.0,90.88,36.5,13.0,27.2
2024-08-18,Jacket Leather,67.0,136.48,41.24,19.66,38.04
2024-08-18,Wallet,170.0,61.96,18.55,10.99,14.63
2024-08-18,Custom,57.0,80.75,27.34,11.42,20.35
2024-08-19,Belt,62.0,26.04,8.72,4.49,5.88
2024-08-19,Bag,32.0,31.24,12.32,5.17,9.12
2024-08-19,Shoe Leather,185.0,120.35,45.48,20.47,37.03
2024-08-19,Jacket Leather,70.0,156.85,44.08,18.45,34.12
2024-08-19,Wallet,140.0,48.09,16.31,8.44,12.74
2024-08-19,Custom,48.0,57.73,20.44,10.15,17.19
2024-08-20,Belt,193.0,75.49,26.28,14.8,19.1
2024-08-20,Bag,113.0,131.6,49.6,18.69,28.9
2024-08-20,Shoe Leather,153.0,109.75,38.79,16.31,33.99
2024-08-20,Jacket Leather,94.0,189.12,70.03,26.24,54.98
2024-08-20,Wallet,160.0,49.07,18.15,9.14,14.13
2024-08-20,Custom,63.0,92.4,32.3,11.27,19.53
2024-08-21,Belt,119.0,52.68,16.75,7.59,13.14
2024-08-21,Bag,87.0,88.12,38.23,15.79,22.43
2024-08-21,Shoe Leather,164.0,116.29,45.89,16.37,36.44
2024-08-21,Jacket Leather,151.0,296.5,103.52,41.61,73.18
2024-08-21,Wallet,54.0,17.88,5.17,3.34,4.87
2024-08-21,Custom,74.0,101.71,35.48,14.44,26.09
2024-08-22,Belt,30.0,11.84,4.36,2.12,3.06
2024-08-22,Bag,106.0,120.85,44.14,17.29,26.68
2024-08-22,Shoe Leather,99.0,61.41,27.93,11.4,19.92
2024-08-22,Jacket Leather,33.0,68.68,24.54,9.85,18.92
2024-08-22,Wallet,138.0,46.94,14.37,7.81,11.85
2024-08-22,Custom,146.0,184.06,72.76,28.84,47.58
2024-08-23,Belt,130.0,57.32,19.24,8.69,12.59
2024-08-23,Bag,166.0,190.29,74.33,27.08,45.48
2024-08-23,Shoe Leather,104.0,69.12,30.06,11.09,20.28
2024-08-23,Jacket Leather,122.0,265.67,90.51,35.06,61.87
2024-08-23,Wallet,166.0,59.6,16.57,8.77,12.47
2024-08-23,Custom,46.0,64.17,21.99,9.02,14.65
2024-08-24,Belt,184.0,76.27,26.86,13.78,20.62
2024-08-24,Bag,68.0,67.87,29.58,11.56,18.46
2024-08-24,Shoe Leather,61.0,41.16,17.66,6.54,14.13
2024-08-24,Jacket Leather,178.0,372.98,117.26,52.33,98.11
2024-08-24,Wallet,35.0,11.83,3.91,2.19,2.88
2024-08-24,Custom,86.0,106.58,40.59,16.39,30.85
2024-08-25,Belt,176.0,75.03,26.64,11.29,20.0
2024-08-25,Bag,130.0,138.33,52.86,21.86,35.43
2024-08-25,Shoe Leather,90.0,58.99,22.43,9.1,19.33
2024-08-25,Jacket Leather,27.0,58.49,17.96,7.76,13.99
2024-08-25,Wallet,87.0,28.68,9.71,4.75,6.62
2024-08-25,Custom,113.0,158.0,57.53,20.44,41.36
2024-08-26,Belt,76.0,33.46,10.96,5.05,8.09
2024-08-26,Bag,98.0,100.65,43.57,17.0,23.79
2024-08-26,Shoe Leather,52.0,37.04,12.65,5.37,10.69
2024-08-26,Jacket Leather,180.0,343.15,130.47,51.78,95.54
2024-08-26,Wallet,64.0,23.18,6.85,3.95,5.44
2024-08-26,Custom,76.0,105.79,35.06,14.65,23.43
2024-08-27,Belt,73.0,28.24,10.07,5.52,8.2
2024-08-27,Bag,102.0,110.99,43.26,18.17,25.14
2024-08-27,Shoe Leather,121.0,81.12,30.64,11.75,22.86
2024-08-27,Jacket Leather,147.0,272.15,98.65,37.37,75.77
2024-08-27,Wallet,142.0,52.44,16.28,8.79,10.54
2024-08-27,Custom,82.0,99.3,38.9,17.6,27.75
2024-08-28,Belt,195.0,75.59,30.08,13.31,19.16
2024-08-28,Bag,145.0,163.6,55.51,25.81,38.68
2024-08-28,Shoe Leather,184.0,116.94,45.76,19.8,42.03
2024-08-28,Jacket Leather,139.0,295.97,102.14,36.93,78.86
2024-08-28,Wallet,193.0,68.77,18.7,11.36,16.14
2024-08-28,Custom,76.0,92.41,35.57,16.38,26.47
2024-08-29,Belt,34.0,13.43,4.6,2.24,3.36
2024-08-29,Bag,54.0,64.24,22.42,9.0,14.66
2024-08-29,Shoe Leather,97.0,62.92,25.08,10.3,21.9
2024-08-29,Jacket Leather,72.0,139.73,51.54,19.27,42.97
2024-08-29,Wallet,122.0,38.21,12.65,7.22,10.2
2024-08-29,Custom,195.0,276.77,99.11,42.65,70.87
2024-08-30,Belt,184.0,76.91,25.52,12.54,17.95
2024-08-30,Bag,95.0,99.11,38.96,14.98,28.31
2024-08-30,Shoe Leather,124.0,77.4,33.76,11.9,24.09
2024-08-30,Jacket Leather,64.0,126.17,43.88,18.33,36.88
2024-08-30,Wallet,35.0,12.79,3.76,1.92,2.64
2024-08-30,Custom,157.0,219.1,78.42,31.34,48.31
2024-08-31,Belt,116.0,52.14,17.62,8.55,12.23
2024-08-31,Bag,57.0,67.49,25.63,8.76,16.34
2024-08-31,Shoe Leather,55.0,35.13,15.39,5.69,12.68
2024-08-31,Jacket Leather,153.0,303.57,100.35,45.18,80.29
2024-08-31,Wallet,158.0,52.44,17.18,8.63,14.33
2024-08-31,Custom,45.0,61.99,22.14,9.46,15.38
2024-09-01,Belt,139.0,53.44,19.25,9.69,15.01
2024-09-01,Bag,107.0,124.41,43.37,17.17,30.08
2024-09-01,Shoe Leather,208.0,127.26,54.14,22.59,41.89
2024-09-01,Jacket Leather,133.0,277.78,88.14,33.85,77.59
2024-09-01,Wallet,188.0,58.31,20.02,10.58,15.11
2024-09-01,Custom,95.0,123.08,41.35,18.02,31.87
2024-09-02,Belt,60.0,25.31,8.17,4.55,6.26
2024-09-02,Bag,125.0,134.71,53.64,18.51,30.26
2024-09-02,Shoe Leather,103.0,67.53,27.63,11.92,23.79
2024-09-02,Jacket Leather,67.0,124.79,48.98,18.04,37.44
2024-09-02,Wallet,198.0,73.22,22.85,11.34,16.26
2024-09-02,Custom,83.0,102.89,35.82,17.64,28.46
2024-09-03,Belt,54.0,20.93,7.13,3.43,5.88
2024-09-03,Bag,115.0,117.2,50.33,20.33,30.97
2024-09-03,Shoe Leather,178.0,110.2,43.58,20.53,38.84
2024-09-03,Jacket Leather,139.0,262.88,92.3,40.85,76.97
2024-09-03,Wallet,76.0,27.62,8.66,4.15,6.72
2024-09-03,Custom,97.0,132.45,47.1,18.89,31.52
2024-09-04,Belt,77.0,32.6,10.44,4.96,8.02
2024-09-04,Bag,48.0,46.96,19.51,7.14,13.16
2024-09-04,Shoe Leather,95.0,64.71,24.64,10.71,21.66
2024-09-04,Jacket Leather,154.0,280.05,95.4,39.76,90.01
2024-09-04,Wallet,219.0,70.32,25.04,11.55,18.98
2024-09-04,Custom,72.0,96.19,30.29,15.36,23.8
2024-09-05,Belt,88.0,37.56,12.94,6.81,9.37
2024-09-05,Bag,62.0,73.71,27.85,11.0,16.48
2024-09-05,Shoe Leather,52.0,38.02,13.64,5.69,10.93
2024-09-05,Jacket Leather,75.0,154.96,52.66,21.78,38.75
2024-09-05,Wallet,186.0,66.73,21.04,11.56,13.8
2024-09-05,Custom,95.0,128.61,46.75,18.38,31.17
2024-09-06,Belt,86.0,33.89,11.94,6.03,8.43
2024-09-06,Bag,205.0,238.33,89.73,32.64,57.69
2024-09-06,Shoe Leather,83.0,61.72,22.81,9.09,19.09
2024-09-06,Jacket Leather,78.0,169.38,50.18,21.8,41.19
2024-09-06,Wallet,162.0,58.33,16.59,9.27,13.42
2024-09-06,Custom,130.0,160.76,63.39,24.58,39.73
2024-09-07,Belt,70.0,27.44,9.22,4.94,7.98
2024-09-07,Bag,38.0,44.6,14.21,6.78,9.68
2024-09-07,Shoe Leather,129.0,93.84,38.27,14.49,27.89
2024-09-07,Jacket Leather,138.0,255.23,98.7,38.22,66.7
2024-09-07,Wallet,157.0,57.01,15.75,9.49,12.79
2024-09-07,Custom,169.0,248.62,87.83,31.27,62.03
2024-09-08,Belt,54.0,23.55,7.44,3.93,5.29
2024-09-08,Bag,219.0,215.5,93.67,38.21,62.9
2024-09-08,Shoe Leather,54.0,36.39,15.62,5.47,11.34
2024-09-08,Jacket Leather,38.0,77.09,23.8,10.93,19.43
2024-09-08,Wallet,30.0,10.01,3.15,1.58,2.35
2024-09-08,Custom,43.0,59.76,20.0,8.29,14.3
2024-09-09,Belt,159.0,60.59,20.91,10.89,16.57
2024-09-09,Bag,97.0,115.41,37.53,16.99,23.75
2024-09-09,Shoe Leather,92.0,64.53,25.16,10.22,18.78
2024-09-09,Jacket Leather,189.0,376.57,127.71,48.88,92.0
2024-09-09,Wallet,117.0,40.07,11.8,6.2,10.64
2024-09-09,Custom,102.0,150.24,49.87,18.76,33.7
2024-09-10,Belt,92.0,36.39,13.91,6.7,9.26
2024-09-10,Bag,99.0,95.84,38.13,17.88,27.4
2024-09-10,Shoe Leather,49.0,32.06,13.2,5.36,10.43
2024-09-10,Jacket Leather,68.0,144.81,43.5,16.83,38.23
2024-09-10,Wallet,81.0,29.29,8.22,4.58,5.97
2024-09-10,Custom,154.0,211.28,78.65,28.29,52.86
2024-09-11,Belt,181.0,75.77,23.25,13.48,17.39
2024-09-11,Bag,86.0,89.49,38.72,13.49,23.05
2024-09-11,Shoe Leather,99.0,67.86,28.26,9.37,22.8
2024-09-11,Jacket Leather,138.0,288.06,97.43,34.33,81.66
2024-09-11,Wallet,50.0,18.03,5.02,3.21,4.3
2024-09-11,Custom,149.0,218.09,70.11,27.09,48.68
2024-09-12,Belt,112.0,42.18,17.35,8.55,11.27
2024-09-12,Bag,107.0,115.88,42.3,18.47,27.61
2024-09-12,Shoe Leather,127.0,78.63,36.98,13.43,26.51
2024-09-12,Jacket Leather,152.0,317.14,95.48,43.32,78.24
2024-09-12,Wallet,42.0,15.28,4.3,2.63,3.35
2024-09-12,Custom,53.0,71.25,27.52,11.2,16.95
2024-09-13,Belt,186.0,72.16,25.72,13.89,20.8
2024-09-13,Bag,103.0,110.82,42.1,15.77,25.73
2024-09-13,Shoe Leather,55.0,40.79,13.64,6.13,12.27
2024-09-13,Jacket Leather,132.0,290.39,85.42,33.58,70.82
2024-09-13,Wallet,67.0,25.0,6.89,3.63,5.53
2024-09-13,Custom,107.0,157.35,48.08,21.33,35.98
2024-09-14,Belt,60.0,24.26,9.26,4.59,6.85
2024-09-14,Bag,138.0,149.47,52.5,23.24,37.82
2024-09-14,Shoe Leather,86.0,53.64,20.83,9.19,20.02
2024-09-14,Jacket Leather,42.0,78.68,27.42,12.3,24.98
2024-09-14,Wallet,102.0,35.1,10.95,5.79,8.5
2024-09-14,Custom,190.0,253.59,80.68,38.31,62.52
2024-09-15,Belt,89.0,33.82,13.07,5.83,9.92
2024-09-15,Bag,31.0,35.79,13.85,4.69,8.43
2024-09-15,Shoe Leather,184.0,134.08,45.03,19.38,39.21
2024-09-15,Jacket Leather,94.0,203.78,68.88,27.64,48.27
2024-09-15,Wallet,168.0,55.06,17.96,8.93,12.48
2024-09-15,Custom,50.0,66.76,22.28,9.33,17.65
2024-09-16,Belt,85.0,36.78,10.91,5.42,8.89
2024-09-16,Bag,157.0,164.48,62.1,28.38,43.71
2024-09-16,Shoe Leather,199.0,133.6,58.07,20.16,38.46
2024-09-16,Jacket Leather,30.0,67.37,21.14,7.33,14.85
2024-09-16,Wallet,190.0,65.12,21.48,12.01,17.05
2024-09-16,Custom,206.0,304.92,103.87,43.1,63.89
2024-09-17,Belt,118.0,44.03,17.14,8.47,13.53
2024-09-17,Bag,176.0,189.75,70.29,29.81,43.81
2024-09-17,Shoe Leather,217.0,141.37,57.07,23.78,41.72
2024-09-17,Jacket Leather,207.0,450.59,134.99,59.39,100.72
2024-09-17,Wallet,75.0,25.24,8.39,4.19,5.52
2024-09-17,Custom,53.0,79.07,22.47,10.94,17.84
2024-09-18,Belt,117.0,51.88,15.56,8.44,12.12
2024-09-18,Bag,44.0,43.19,16.92,6.8,12.49
2024-09-18,Shoe Leather,41.0,28.38,10.41,4.67,9.49
2024-09-18,Jacket Leather,210.0,388.8,158.12,60.18,123.7
2024-09-18,Wallet,81.0,28.51,8.63,5.21,6.52
2024-09-18,Custom,83.0,108.57,38.39,15.27,26.01
2024-09-19,Belt,179.0,76.36,26.73,12.77,19.52
2024-09-19,Bag,64.0,69.13,26.57,9.79,18.25
2024-09-19,Shoe Leather,151.0,95.81,42.69,16.67,30.13
2024-09-19,Jacket Leather,185.0,372.37,127.17,53.72,99.57
2024-09-19,Wallet,195.0,61.56,22.18,11.49,14.69
2024-09-19,Custom,152.0,213.0,73.47,27.77,52.94
2024-09-20,Belt,86.0,33.58,11.26,5.89,8.61
2024-09-20,Bag,36.0,35.51,14.59,5.51,10.74
2024-09-20,Shoe Leather,116.0,80.4,32.14,11.7,26.6
2024-09-20,Jacket Leather,40.0,77.61,26.82,11.15,19.43
2024-09-20,Wallet,155.0,53.82,16.6,9.57,13.6
2024-09-20,Custom,110.0,161.13,53.75,20.8,34.02
2024-09-21,Belt,124.0,47.2,17.37,8.75,13.35
2024-09-21,Bag,88.0,98.56,39.81,13.48,24.27
2024-09-21,Shoe Leather,119.0,79.96,31.17,12.63,24.12
2024-09-21,Jacket Leather,81.0,166.17,52.91,20.41,39.92
2024-09-21,Wallet,39.0,13.62,4.07,2.14,3.31
2024-09-21,Custom,145.0,194.65,66.23,26.5,47.41
2024-09-22,Belt,204.0,90.82,30.01,13.51,20.12
2024-09-22,Bag,215.0,218.09,79.45,38.35,54.53
2024-09-22,Shoe Leather,58.0,35.37,14.12,6.67,12.99
2024-09-22,Jacket Leather,43.0,92.12,32.15,12.29,24.93
2024-09-22,Wallet,180.0,57.01,20.39,9.89,16.04
2024-09-22,Custom,151.0,193.96,72.54,32.55,56.92
2024-09-23,Belt,89.0,40.37,13.78,6.03,10.41
2024-09-23,Bag,51.0,53.57,22.82,8.15,13.41
2024-09-23,Shoe Leather,106.0,77.9,30.68,12.0,23.36
2024-09-23,Jacket Leather,190.0,412.35,116.77,55.4,102.97
2024-09-23,Wallet,75.0,26.64,8.53,4.07,6.23
2024-09-23,Custom,106.0,141.61,48.16,19.54,35.65
2024-09-24,Belt,116.0,49.9,15.48,8.84,13.08
2024-09-24,Bag,149.0,164.47,65.28,22.47,39.39
2024-09-24,Shoe Leather,218.0,138.14,56.05,21.64,47.12
2024-09-24,Jacket Leather,126.0,275.22,80.62,35.27,68.72
2024-09-24,Wallet,191.0,71.61,19.24,11.92,14.79
2024-09-24,Custom,158.0,209.64,71.53,32.28,58.77
2024-09-25,Belt,49.0,18.97,6.9,3.79,5.48
2024-09-25,Bag,111.0,128.18,43.56,17.25,31.83
2024-09-25,Shoe Leather,160.0,104.97,45.27,17.49,37.15
2024-09-25,Jacket Leather,107.0,230.9,76.39,27.53,62.09
2024-09-25,Wallet,159.0,51.41,15.33,8.58,12.31
2024-09-25,Custom,190.0,275.33,93.12,40.29,62.69
2024-09-26,Belt,71.0,31.25,9.57,5.4,7.94
2024-09-26,Bag,49.0,58.48,18.72,7.28,14.03
2024-09-26,Shoe Leather,123.0,85.67,30.45,13.21,26.02
2024-09-26,Jacket Leather,37.0,75.7,23.9,10.37,20.18
2024-09-26,Wallet,33.0,11.31,3.72,2.04,2.81
2024-09-26,Custom,100.0,141.47,47.0,21.65,37.12
2024-09-27,Belt,61.0,23.88,9.03,3.93,7.07
2024-09-27,Bag,213.0,213.01,92.19,31.37,53.5
2024-09-27,Shoe Leather,121.0,86.22,35.6,13.36,26.53
2024-09-27,Jacket Leather,178.0,378.77,125.85,50.21,95.99
2024-09-27,Wallet,74.0,24.77,8.21,4.37,5.54
2024-09-27,Custom,35.0,51.76,14.87,7.51,13.19
2024-09-28,Belt,94.0,42.69,12.43,5.94,10.99
2024-09-28,Bag,98.0,101.53,37.52,17.1,25.43
2024-09-28,Shoe Leather,140.0,91.76,39.21,13.82,30.4
2024-09-28,Jacket Leather,67.0,145.05,46.66,17.32,39.2
2024-09-28,Wallet,189.0,62.99,18.9,10.98,14.95
2024-09-28,Custom,174.0,256.44,89.81,32.46,61.52
2024-09-29,Belt,41.0,15.63,6.02,2.9,4.47
2024-09-29,Bag,166.0,177.17,74.09,28.76,44.75
2024-09-29,Shoe Leather,46.0,31.53,13.45,5.21,10.52
2024-09-29,Jacket Leather,123.0,228.99,77.2,33.64,72.05
2024-09-29,Wallet,106.0,34.83,11.06,5.91,8.1
2024-09-29,Custom,147.0,185.96,66.44,29.94,45.53
2024-09-30,Belt,152.0,56.83,22.86,11.29,16.94
2024-09-30,Bag,33.0,32.71,14.21,5.03,9.58
2024-09-30,Shoe Leather,98.0,63.93,25.45,10.74,18.66
2024-09-30,Jacket Leather,95.0,206.91,63.57,27.12,47.79
2024-09-30,Wallet,76.0,28.01,8.08,4.48,6.35
2024-09-30,Custom,188.0,255.26,84.44,35.69,69.92
2024-10-01,Belt,106.0,43.7,15.25,7.42,10.2
2024-10-01,Bag,145.0,149.36,55.51,24.5,41.07
2024-10-01,Shoe Leather,205.0,126.75,59.78,20.52,44.13
2024-10-01,Jacket Leather,189.0,354.06,127.9,54.88,110.91
2024-10-01,Wallet,124.0,44.26,12.03,6.58,10.36
2024-10-01,Custom,146.0,178.73,61.9,29.56,52.63
2024-10-02,Belt,136.0,60.16,17.32,9.34,13.62
2024-10-02,Bag,91.0,100.41,33.99,13.88,25.7
2024-10-02,Shoe Leather,152.0,106.53,37.14,15.74,29.9
2024-10-02,Jacket Leather,208.0,444.93,153.83,51.88,102.71
2024-10-02,Wallet,114.0,40.7,12.0,7.16,8.77
2024-10-02,Custom,114.0,138.16,57.32,20.85,40.09
2024-10-03,Belt,131.0,50.5,19.11,8.4,14.15
2024-10-03,Bag,94.0,106.15,36.83,15.26,25.8
2024-10-03,Shoe Leather,59.0,36.57,14.39,6.84,11.57
2024-10-03,Jacket Leather,116.0,244.18,72.49,30.72,59.07
2024-10-03,Wallet,99.0,34.95,11.5,5.94,8.25
2024-10-03,Custom,120.0,165.94,51.41,23.4,42.71
2024-10-04,Belt,95.0,42.9,13.42,7.08,10.73
2024-10-04,Bag,46.0,52.27,19.02,7.94,11.82
2024-10-04,Shoe Leather,85.0,62.93,21.57,9.43,18.41
2024-10-04,Jacket Leather,223.0,492.28,152.77,59.78,108.65
2024-10-04,Wallet,59.0,20.84,6.0,3.34,4.78
2024-10-04,Custom,82.0,121.54,34.85,16.76,28.4
2024-10-05,Belt,239.0,107.66,34.4,18.38,23.65
2024-10-05,Bag,63.0,74.08,23.94,9.73,16.09
2024-10-05,Shoe Leather,190.0,137.99,50.92,20.85,38.69
2024-10-05,Jacket Leather,108.0,200.81,76.9,31.33,55.25
2024-10-05,Wallet,141.0,45.32,14.62,8.47,11.53
2024-10-05,Custom,94.0,122.65,44.76,19.17,32.9
2024-10-06,Belt,150.0,63.24,23.13,10.64,16.54
2024-10-06,Bag,91.0,97.68,40.4,16.44,23.81
2024-10-06,Shoe Leather,165.0,109.87,43.69,16.06,37.23
2024-10-06,Jacket Leather,215.0,438.64,151.22,54.36,125.95
2024-10-06,Wallet,102.0,33.99,11.67,6.1,8.31
2024-10-06,Custom,211.0,263.02,103.07,45.26,67.81
2024-10-07,Belt,232.0,95.33,30.07,14.67,23.52
2024-10-07,Bag,180.0,207.06,70.97,29.65,47.93
2024-10-07,Shoe Leather,155.0,103.63,43.36,17.73,32.17
2024-10-07,Jacket Leather,120.0,218.55,83.01,31.73,63.08
2024-10-07,Wallet,151.0,48.0,15.41,8.59,11.1
2024-10-07,Custom,41.0,58.23,20.14,7.83,14.2
2024-10-08,Belt,153.0,56.4,21.26,10.15,15.79
2024-10-08,Bag,179.0,175.43,73.07,29.81,52.45
2024-10-08,Shoe Leather,66.0,44.92,18.72,6.81,15.28
2024-10-08,Jacket Leather,143.0,284.51,90.21,38.68,82.25
2024-10-08,Wallet,160.0,56.75,16.81,10.16,14.47
2024-10-08,Custom,189.0,251.06,87.18,36.38,68.33
2024-10-09,Belt,117.0,47.73,14.85,7.89,11.79
2024-10-09,Bag,133.0,143.64,59.17,21.49,36.26
2024-10-09,Shoe Leather,33.0,23.35,9.13,3.69,6.9
2024-10-09,Jacket Leather,222.0,414.56,148.56,61.94,125.52
2024-10-09,Wallet,208.0,63.87,21.12,11.73,17.59
2024-10-09,Custom,157.0,228.99,78.22,29.21,57.27
2024-10-10,Belt,152.0,68.77,19.3,10.58,14.73
2024-10-10,Bag,64.0,76.28,28.41,9.49,17.47
2024-10-10,Shoe Leather,232.0,171.68,58.24,23.93,45.34
2024-10-10,Jacket Leather,206.0,461.9,148.83,57.52,107.53
2024-10-10,Wallet,194.0,59.84,20.92,10.3,17.26
2024-10-10,Custom,136.0,197.31,59.34,24.57,50.23
2024-10-11,Belt,58.0,22.08,8.17,4.2,5.55
2024-10-11,Bag,206.0,227.29,92.44,31.92,50.67
2024-10-11,Shoe Leather,231.0,146.09,67.82,24.51,45.26
2024-10-11,Jacket Leather,165.0,329.04,100.92,42.41,94.96
2024-10-11,Wallet,132.0,44.47,13.39,7.73,10.45
2024-10-11,Custom,134.0,179.53,67.0,28.74,47.23
2024-10-12,Belt,196.0,76.65,26.52,12.68,19.71
2024-10-12,Bag,120.0,122.98,47.13,20.59,34.03
2024-10-12,Shoe Leather,148.0,97.87,44.33,14.37,30.77
2024-10-12,Jacket Leather,230.0,492.84,148.59,64.69,112.09
2024-10-12,Wallet,118.0,39.66,12.81,6.5,10.05
2024-10-12,Custom,179.0,248.35,83.49,38.82,61.07
2024-10-13,Belt,176.0,69.86,25.29,12.29,19.58
2024-10-13,Bag,210.0,242.88,81.4,34.74,60.48
2024-10-13,Shoe Leather,151.0,105.81,38.52,14.61,33.87
2024-10-13,Jacket Leather,176.0,340.36,129.01,46.01,104.7
2024-10-13,Wallet,191.0,64.62,22.14,12.17,14.41
2024-10-13,Custom,68.0,84.33,33.47,12.26,25.07
2024-10-14,Belt,167.0,67.87,21.63,12.3,19.23
2024-10-14,Bag,101.0,116.41,40.71,16.07,25.8
2024-10-14,Shoe Leather,127.0,87.16,35.15,12.69,29.31
2024-10-14,Jacket Leather,55.0,122.88,33.61,14.8,28.67
2024-10-14,Wallet,191.0,61.19,19.12,10.36,16.46
2024-10-14,Custom,105.0,146.79,52.6,19.76,36.44
2024-10-15,Belt,119.0,49.2,18.29,9.18,12.19
2024-10-15,Bag,239.0,242.32,89.93,40.8,66.71
2024-10-15,Shoe Leather,139.0,92.76,40.25,13.81,27.69
2024-10-15,Jacket Leather,117.0,234.16,80.91,34.7,63.46
2024-10-15,Wallet,35.0,10.93,3.48,2.04,2.95
2024-10-15,Custom,116.0,152.38,49.06,24.55,40.23
2024-10-16,Belt,158.0,64.14,20.9,11.47,17.41
2024-10-16,Bag,50.0,56.77,18.27,8.11,12.9
2024-10-16,Shoe Leather,105.0,74.72,26.69,10.28,22.24
2024-10-16,Jacket Leather,52.0,116.03,36.58,15.41,25.14
2024-10-16,Wallet,206.0,64.53,23.76,13.03,15.96
2024-10-16,Custom,183.0,250.26,86.94,36.28,66.07
2024-10-17,Belt,127.0,47.19,17.44,9.8,13.49
2024-10-17,Bag,184.0,214.44,74.19,29.59,44.75
2024-10-17,Shoe Leather,100.0,74.76,24.3,10.14,23.07
2024-10-17,Jacket Leather,101.0,199.85,65.18,28.35,51.17
2024-10-17,Wallet,167.0,62.34,18.79,9.16,14.37
2024-10-17,Custom,212.0,264.05,103.56,43.06,72.03
2024-10-18,Belt,136.0,58.74,21.02,8.78,12.95
2024-10-18,Bag,136.0,153.27,55.33,20.98,39.34
2024-10-18,Shoe Leather,52.0,32.98,13.2,5.65,11.89
2024-10-18,Jacket Leather,174.0,333.45,124.25,42.38,85.84
2024-10-18,Wallet,233.0,75.99,22.05,12.9,18.53
2024-10-18,Custom,45.0,56.39,20.03,9.84,15.43
2024-10-19,Belt,43.0,15.84,5.58,3.15,4.17
2024-10-19,Bag,162.0,167.98,69.01,25.41,44.42
2024-10-19,Shoe Leather,44.0,31.16,10.63,5.08,8.54
2024-10-19,Jacket Leather,131.0,252.22,82.13,32.05,67.82
2024-10-19,Wallet,43.0,15.58,5.0,2.75,3.83
2024-10-19,Custom,45.0,59.38,21.23,9.13,14.76
2024-10-20,Belt,45.0,19.44,6.94,3.39,4.43
2024-10-20,Bag,152.0,177.98,60.43,25.24,39.8
2024-10-20,Shoe Leather,119.0,82.5,32.28,11.77,24.87
2024-10-20,Jacket Leather,165.0,322.86,103.14,44.05,84.5
2024-10-20,Wallet,108.0,33.62,10.31,5.67,8.54
2024-10-20,Custom,234.0,284.56,108.05,45.14,82.72
2024-10-21,Belt,73.0,30.92,9.24,5.0,8.15
2024-10-21,Bag,204.0,242.38,74.98,34.35,53.98
2024-10-21,Shoe Leather,201.0,125.61,50.71,19.61,41.01
2024-10-21,Jacket Leather,161.0,297.68,102.08,45.79,77.98
2024-10-21,Wallet,151.0,49.38,16.26,9.05,12.34
2024-10-21,Custom,110.0,134.81,55.17,21.95,34.56
2024-10-22,Belt,134.0,55.43,19.9,9.48,13.96
2024-10-22,Bag,183.0,201.96,69.97,28.29,44.36
2024-10-22,Shoe Leather,53.0,34.68,14.54,6.0,11.03
2024-10-22,Jacket Leather,78.0,144.39,53.34,23.21,43.95
2024-10-22,Wallet,133.0,41.43,14.14,8.38,11.72
2024-10-22,Custom,169.0,235.94,71.63,36.2,61.26
2024-10-23,Belt,183.0,75.31,24.32,11.85,19.66
2024-10-23,Bag,197.0,198.29,78.18,31.83,53.31
2024-10-23,Shoe Leather,219.0,164.6,60.92,24.92,50.69
2024-10-23,Jacket Leather,128.0,252.83,79.16,32.08,62.5
2024-10-23,Wallet,89.0,27.98,9.82,4.91,7.24
2024-10-23,Custom,135.0,171.58,65.93,28.2,46.68
2024-10-24,Belt,76.0,30.98,11.26,5.49,8.54
2024-10-24,Bag,152.0,166.41,61.08,23.83,38.14
2024-10-24,Shoe Leather,51.0,34.21,14.5,5.72,10.83
2024-10-24,Jacket Leather,161.0,352.84,98.86,45.54,93.67
2024-10-24,Wallet,210.0,73.82,23.78,11.16,18.58
2024-10-24,Custom,121.0,152.97,54.66,23.05,41.5
2024-10-25,Belt,97.0,36.92,14.56,6.29,9.66
2024-10-25,Bag,179.0,199.03,76.94,30.44,53.28
2024-10-25,Shoe Leather,121.0,84.54,30.01,11.86,25.25
2024-10-25,Jacket Leather,65.0,134.95,44.59,17.42,33.54
2024-10-25,Wallet,185.0,59.31,19.86,10.68,15.25
2024-10-25,Custom,81.0,112.03,34.73,17.4,28.11
2024-10-26,Belt,56.0,25.41,7.63,4.04,5.42
2024-10-26,Bag,180.0,206.08,81.6,31.23,45.39
2024-10-26,Shoe Leather,155.0,110.29,42.72,16.23,35.3
2024-10-26,Jacket Leather,108.0,219.09,80.21,29.65,58.74
2024-10-26,Wallet,205.0,65.41,19.35,11.36,16.86
2024-10-26,Custom,74.0,100.08,33.49,16.28,26.57
2024-10-27,Belt,98.0,44.16,14.94,6.63,9.62
2024-10-27,Bag,218.0,217.9,90.94,33.95,55.45
2024-10-27,Shoe Leather,154.0,103.14,44.13,15.48,33.94
2024-10-27,Jacket Leather,117.0,227.37,73.21,29.49,64.2
2024-10-27,Wallet,41.0,13.18,4.3,2.35,3.13
2024-10-27,Custom,173.0,244.67,84.09,31.35,61.94
2024-10-28,Belt,81.0,34.57,11.27,5.35,8.95
2024-10-28,Bag,223.0,266.29,88.11,34.72,57.5
2024-10-28,Shoe Leather,129.0,90.25,36.49,14.82,29.61
2024-10-28,Jacket Leather,48.0,101.38,32.16,14.35,25.21
2024-10-28,Wallet,222.0,82.18,22.35,13.9,20.2
2024-10-28,Custom,90.0,120.24,42.58,17.23,27.57
2024-10-29,Belt,80.0,31.49,11.19,5.26,9.17
2024-10-29,Bag,134.0,150.54,55.45,23.4,33.61
2024-10-29,Shoe Leather,64.0,38.88,16.32,7.36,14.73
2024-10-29,Jacket Leather,46.0,84.63,29.05,13.19,22.41
2024-10-29,Wallet,166.0,52.76,18.72,9.0,13.57
2024-10-29,Custom,170.0,214.99,88.28,37.64,58.79
2024-10-30,Belt,180.0,66.65,27.43,12.86,19.52
2024-10-30,Bag,167.0,189.72,61.45,28.07,49.18
2024-10-30,Shoe Leather,169.0,125.83,49.52,17.73,38.55
2024-10-30,Jacket Leather,75.0,146.2,48.29,22.18,44.07
2024-10-30,Wallet,195.0,64.32,19.11,11.41,17.02
2024-10-30,Custom,73.0,96.56,34.39,13.03,24.44
2024-10-31,Belt,36.0,14.58,5.25,2.81,3.51
2024-10-31,Bag,211.0,231.08,92.17,35.05,54.94
2024-10-31,Shoe Leather,99.0,64.39,29.35,10.99,21.66
2024-10-31,Jacket Leather,195.0,410.44,141.28,54.4,102.95
2024-10-31,Wallet,74.0,26.8,8.3,4.65,5.57
2024-10-31,Custom,189.0,280.66,86.23,34.3,59.9
2024-11-01,Belt,89.0,37.89,11.36,6.38,9.93
2024-11-01,Bag,152.0,170.61,61.64,27.57,42.83
2024-11-01,Shoe Leather,101.0,68.79,27.61,11.66,23.24
2024-11-01,Jacket Leather,136.0,273.66,86.43,34.46,70.21
2024-11-01,Wallet,222.0,72.07,22.67,13.52,17.5
2024-11-01,Custom,231.0,297.18,114.89,49.98,74.13
2024-11-02,Belt,98.0,42.7,12.69,7.28,10.96
2024-11-02,Bag,55.0,61.61,24.29,8.1,14.56
2024-11-02,Shoe Leather,235.0,165.45,56.87,27.11,45.12
2024-11-02,Jacket Leather,218.0,444.05,153.13,57.76,122.92
2024-11-02,Wallet,65.0,23.67,7.43,3.81,5.49
2024-11-02,Custom,190.0,243.07,91.96,41.0,63.61
2024-11-03,Belt,102.0,41.47,14.67,7.85,10.6
2024-11-03,Bag,211.0,240.95,87.09,35.82,52.26
2024-11-03,Shoe Leather,111.0,70.65,30.08,12.64,21.13
2024-11-03,Jacket Leather,79.0,170.29,51.9,20.19,41.93
2024-11-03,Wallet,175.0,56.33,20.06,10.37,15.86
2024-11-03,Custom,80.0,115.21,40.0,15.83,27.88
2024-11-04,Belt,175.0,69.8,24.04,12.12,18.69
2024-11-04,Bag,268.0,288.95,105.47,48.0,73.65
2024-11-04,Shoe Leather,211.0,148.6,60.35,24.53,44.68
2024-11-04,Jacket Leather,239.0,479.2,161.98,69.97,126.16
2024-11-04,Wallet,49.0,17.96,5.08,2.81,3.61
2024-11-04,Custom,46.0,68.63,19.49,8.59,16.28
2024-11-05,Belt,94.0,34.97,12.43,6.63,10.01
2024-11-05,Bag,120.0,117.58,47.52,18.24,33.88
2024-11-05,Shoe Leather,231.0,154.2,67.87,27.05,53.98
2024-11-05,Jacket Leather,256.0,532.66,168.58,70.51,133.07
2024-11-05,Wallet,185.0,59.32,18.27,10.7,15.73
2024-11-05,Custom,211.0,255.81,94.92,37.76,70.09
2024-11-06,Belt,131.0,54.82,20.19,9.9,13.36
2024-11-06,Bag,268.0,298.28,115.82,47.8,77.88
2024-11-06,Shoe Leather,144.0,88.96,40.7,16.19,29.04
2024-11-06,Jacket Leather,96.0,192.6,71.03,27.92,52.3
2024-11-06,Wallet,242.0,89.68,27.41,14.8,20.8
2024-11-06,Custom,171.0,225.91,86.75,35.84,57.16
2024-11-07,Belt,226.0,90.19,30.44,14.85,25.16
2024-11-07,Bag,61.0,64.6,27.77,9.84,15.07
2024-11-07,Shoe Leather,46.0,31.02,11.93,4.54,9.33
2024-11-07,Jacket Leather,55.0,101.19,37.61,14.88,27.51
2024-11-07,Wallet,122.0,38.4,11.85,7.36,9.42
2024-11-07,Custom,134.0,193.5,61.01,25.09,44.46
2024-11-08,Belt,228.0,91.92,33.69,14.72,25.62
2024-11-08,Bag,235.0,275.58,89.74,41.16,67.45
2024-11-08,Shoe Leather,132.0,85.71,36.1,15.23,30.09
2024-11-08,Jacket Leather,110.0,226.28,73.55,32.56,54.73
2024-11-08,Wallet,149.0,46.49,14.99,9.24,11.85
2024-11-08,Custom,101.0,131.56,44.18,19.95,34.15
2024-11-09,Belt,65.0,26.71,9.62,4.18,7.12
2024-11-09,Bag,42.0,50.48,17.51,7.18,11.13
2024-11-09,Shoe Leather,61.0,40.89,15.27,6.49,11.93
2024-11-09,Jacket Leather,152.0,327.43,103.77,39.8,76.23
2024-11-09,Wallet,184.0,65.1,20.84,10.6,15.97
2024-11-09,Custom,86.0,108.0,41.97,17.61,26.81
2024-11-10,Belt,134.0,53.21,19.48,9.85,14.4
2024-11-10,Bag,241.0,250.47,98.36,37.46,66.96
2024-11-10,Shoe Leather,124.0,77.65,30.4,14.14,25.07
2024-11-10,Jacket Leather,76.0,149.36,50.76,19.56,39.84
2024-11-10,Wallet,131.0,46.2,12.43,8.17,11.18
2024-11-10,Custom,132.0,182.25,67.84,23.93,45.86
2024-11-11,Belt,239.0,99.44,30.14,15.34,23.24
2024-11-11,Bag,42.0,50.18,18.06,6.9,10.37
2024-11-11,Shoe Leather,82.0,56.53,22.28,8.06,19.01
2024-11-11,Jacket Leather,94.0,210.62,62.8,25.92,46.41
2024-11-11,Wallet,154.0,52.45,17.36,9.73,12.96
2024-11-11,Custom,94.0,132.71,47.18,17.53,31.62
2024-11-12,Belt,232.0,92.57,35.69,15.11,25.48
2024-11-12,Bag,202.0,238.32,84.34,30.86,58.14
2024-11-12,Shoe Leather,95.0,63.0,24.11,10.23,19.85
2024-11-12,Jacket Leather,78.0,171.42,53.34,20.3,37.5
2024-11-12,Wallet,204.0,72.35,20.68,10.95,15.95
2024-11-12,Custom,239.0,300.28,120.54,45.64,83.06
2024-11-13,Belt,168.0,62.32,25.84,11.88,17.05
2024-11-13,Bag,199.0,233.71,86.61,34.47,54.93
2024-11-13,Shoe Leather,190.0,139.73,53.39,18.43,37.17
2024-11-13,Jacket Leather,99.0,210.66,71.26,28.8,50.15
2024-11-13,Wallet,166.0,60.64,16.25,10.75,13.98
2024-11-13,Custom,52.0,72.01,24.82,9.46,18.33
2024-11-14,Belt,56.0,23.14,8.31,3.55,6.07
2024-11-14,Bag,65.0,68.13,24.5,10.51,18.42
2024-11-14,Shoe Leather,204.0,143.81,56.35,22.2,39.32
2024-11-14,Jacket Leather,272.0,575.91,180.43,77.65,161.84
2024-11-14,Wallet,108.0,39.46,12.41,6.05,9.53
2024-11-14,Custom,144.0,207.69,74.56,29.06,46.67
2024-11-15,Belt,114.0,50.01,14.35,8.13,11.62
2024-11-15,Bag,121.0,117.87,50.52,18.73,31.66
2024-11-15,Shoe Leather,55.0,37.64,14.71,5.21,11.77
2024-11-15,Jacket Leather,192.0,416.58,132.07,48.56,102.4
2024-11-15,Wallet,145.0,45.38,15.65,8.11,10.86
2024-11-15,Custom,61.0,76.92,29.97,12.61,21.7
2024-11-16,Belt,206.0,81.8,30.66,15.0,22.45
2024-11-16,Bag,50.0,55.34,20.01,8.58,14.48
2024-11-16,Shoe Leather,156.0,113.69,43.01,15.65,30.96
2024-11-16,Jacket Leather,201.0,407.05,131.2,54.56,101.03
2024-11-16,Wallet,58.0,19.07,6.16,3.05,4.27
2024-11-16,Custom,112.0,158.15,56.84,22.75,38.6
2024-11-17,Belt,61.0,23.38,7.93,4.56,7.07
2024-11-17,Bag,218.0,214.3,80.93,33.9,53.45
2024-11-17,Shoe Leather,270.0,188.58,74.5,27.29,59.34
2024-11-17,Jacket Leather,220.0,482.56,149.45,57.0,119.36
2024-11-17,Wallet,108.0,36.69,12.11,6.14,8.14
2024-11-17,Custom,259.0,333.38,114.99,52.35,79.2
2024-11-18,Belt,169.0,72.64,21.81,12.77,18.74
2024-11-18,Bag,49.0,58.13,18.51,7.9,12.96
2024-11-18,Shoe Leather,256.0,173.0,62.33,26.51,55.02
2024-11-18,Jacket Leather,161.0,362.07,119.89,41.8,79.95
2024-11-18,Wallet,104.0,33.96,11.15,6.68,9.19
2024-11-18,Custom,164.0,231.21,73.62,33.27,61.07
2024-11-19,Belt,136.0,56.09,19.07,9.1,14.42
2024-11-19,Bag,95.0,99.74,42.04,14.85,25.75
2024-11-19,Shoe Leather,250.0,171.0,65.69,27.79,56.07
2024-11-19,Jacket Leather,225.0,413.1,167.48,63.46,127.97
2024-11-19,Wallet,252.0,82.94,28.15,14.3,19.17
2024-11-19,Custom,184.0,273.65,81.33,37.58,61.72
2024-11-20,Belt,219.0,82.34,31.51,16.65,21.26
2024-11-20,Bag,181.0,187.13,67.98,32.59,47.71
2024-11-20,Shoe Leather,186.0,127.54,46.67,18.12,36.78
2024-11-20,Jacket Leather,39.0,85.98,28.09,10.32,20.91
2024-11-20,Wallet,111.0,41.48,11.83,6.59,9.07
2024-11-20,Custom,118.0,162.96,55.96,22.98,41.26
2024-11-21,Belt,105.0,46.51,16.03,7.35,11.48
2024-11-21,Bag,252.0,299.72,112.52,43.47,69.47
2024-11-21,Shoe Leather,149.0,105.9,44.05,14.88,33.11
2024-11-21,Jacket Leather,225.0,474.81,145.26,61.93,129.27
2024-11-21,Wallet,265.0,86.9,27.91,15.96,21.36
2024-11-21,Custom,169.0,250.42,79.51,35.39,56.41
2024-11-22,Belt,155.0,63.85,19.82,11.7,17.38
2024-11-22,Bag,249.0,268.74,94.35,40.89,62.49
2024-11-22,Shoe Leather,130.0,91.54,32.97,13.22,25.97
2024-11-22,Jacket Leather,239.0,527.55,167.48,68.22,125.44
2024-11-22,Wallet,271.0,92.36,27.32,16.05,21.59
2024-11-22,Custom,172.0,222.46,77.12,37.06,52.93
2024-11-23,Belt,58.0,22.51,7.59,3.82,6.47
2024-11-23,Bag,206.0,199.64,76.66,31.7,51.79
2024-11-23,Shoe Leather,229.0,161.74,64.48,25.33,50.73
2024-11-23,Jacket Leather,122.0,238.99,92.09,35.44,65.79
2024-11-23,Wallet,261.0,95.52,27.52,14.39,22.99
2024-11-23,Custom,114.0,168.75,55.49,23.06,42.44
2024-11-24,Belt,81.0,34.12,11.4,6.26,7.82
2024-11-24,Bag,179.0,201.48,80.19,28.62,45.65
2024-11-24,Shoe Leather,49.0,36.35,11.95,5.05,9.27
2024-11-24,Jacket Leather,176.0,344.41,118.87,45.07,101.14
2024-11-24,Wallet,251.0,78.2,27.07,14.86,19.64
2024-11-24,Custom,264.0,352.71,124.0,52.92,88.89
2024-11-25,Belt,88.0,33.08,11.28,6.51,8.71
2024-11-25,Bag,249.0,285.92,94.77,42.01,64.92
2024-11-25,Shoe Leather,230.0,163.08,59.97,25.33,50.7
2024-11-25,Jacket Leather,231.0,469.33,171.51,62.35,123.67
2024-11-25,Wallet,62.0,21.45,7.08,3.6,5.38
2024-11-25,Custom,175.0,226.62,86.99,33.67,56.36
2024-11-26,Belt,140.0,63.57,18.74,9.36,15.66
2024-11-26,Bag,270.0,303.51,114.19,47.35,65.9
2024-11-26,Shoe Leather,50.0,34.56,14.83,5.08,9.94
2024-11-26,Jacket Leather,126.0,257.83,89.04,33.26,71.42
2024-11-26,Wallet,168.0,62.86,18.26,9.38,15.23
2024-11-26,Custom,136.0,180.89,70.07,28.5,42.36
2024-11-27,Belt,49.0,21.5,7.08,3.52,5.12
2024-11-27,Bag,179.0,193.72,74.27,29.64,48.98
2024-11-27,Shoe Leather,135.0,95.3,37.49,12.81,28.8
2024-11-27,Jacket Leather,238.0,458.65,161.69,68.92,128.51
2024-11-27,Wallet,162.0,51.6,18.16,9.53,14.45
2024-11-27,Custom,45.0,58.88,20.09,8.7,16.01
2024-11-28,Belt,228.0,101.61,32.77,16.01,25.52
2024-11-28,Bag,46.0,51.58,19.93,7.14,13.52
2024-11-28,Shoe Leather,119.0,89.35,31.84,11.42,27.67
2024-11-28,Jacket Leather,180.0,343.16,118.43,51.85,101.34
2024-11-28,Wallet,176.0,65.25,18.76,9.56,14.09
2024-11-28,Custom,156.0,196.5,74.85,32.51,51.47
2024-11-29,Belt,106.0,44.08,16.08,7.91,10.18
2024-11-29,Bag,250.0,276.24,111.12,39.59,66.07
2024-11-29,Shoe Leather,100.0,62.53,26.15,11.42,19.81
2024-11-29,Jacket Leather,231.0,490.61,158.04,63.64,116.47
2024-11-29,Wallet,258.0,81.93,24.99,15.28,22.12
2024-11-29,Custom,66.0,85.42,31.17,13.32,24.04
2024-11-30,Belt,236.0,99.54,32.91,17.13,26.91
2024-11-30,Bag,166.0,194.0,62.2,25.87,46.8
2024-11-30,Shoe Leather,174.0,129.06,42.53,16.53,34.23
2024-11-30,Jacket Leather,208.0,428.8,137.68,56.49,121.14
2024-11-30,Wallet,136.0,44.12,14.29,8.09,12.28
2024-11-30,Custom,162.0,229.84,69.78,33.38,52.86
2024-12-01,Belt,217.0,79.92,30.34,15.26,20.62
2024-12-01,Bag,279.0,280.68,122.9,41.06,72.28
2024-12-01,Shoe Leather,288.0,192.66,73.5,30.72,57.09
2024-12-01,Jacket Leather,165.0,350.22,101.87,40.46,85.59
2024-12-01,Wallet,108.0,33.38,11.64,6.02,8.92
2024-12-01,Custom,104.0,125.34,45.72,21.21,34.36
2024-12-02,Belt,59.0,26.49,8.78,3.96,6.67
2024-12-02,Bag,122.0,119.33,47.67,21.85,31.9
2024-12-02,Shoe Leather,300.0,195.08,77.48,30.31,66.41
2024-12-02,Jacket Leather,108.0,203.49,67.97,28.86,56.85
2024-12-02,Wallet,150.0,46.37,17.43,7.89,12.59
2024-12-02,Custom,265.0,373.98,119.68,50.82,89.18
2024-12-03,Belt,276.0,108.19,38.37,18.84,26.51
2024-12-03,Bag,55.0,57.52,24.23,9.29,14.26
2024-12-03,Shoe Leather,249.0,167.96,66.58,26.12,50.0
2024-12-03,Jacket Leather,83.0,183.12,61.19,22.38,43.32
2024-12-03,Wallet,71.0,25.49,6.94,3.9,5.64
2024-12-03,Custom,190.0,274.53,98.61,41.11,61.84
2024-12-04,Belt,104.0,44.32,15.14,6.78,9.81
2024-12-04,Bag,108.0,126.43,45.5,15.87,27.19
2024-12-04,Shoe Leather,63.0,42.96,17.52,6.37,13.92
2024-12-04,Jacket Leather,104.0,196.22,72.81,27.79,55.94
2024-12-04,Wallet,223.0,68.98,23.36,13.4,16.73
2024-12-04,Custom,116.0,158.91,59.6,22.61,39.29
2024-12-05,Belt,50.0,18.63,6.41,3.62,4.83
2024-12-05,Bag,280.0,304.76,104.76,48.0,77.66
2024-12-05,Shoe Leather,158.0,107.11,44.76,16.83,32.72
2024-12-05,Jacket Leather,59.0,122.33,43.82,16.47,28.91
2024-12-05,Wallet,169.0,57.29,19.74,9.26,13.51
2024-12-05,Custom,88.0,108.49,45.28,17.1,32.26
2024-12-06,Belt,287.0,106.0,41.36,20.97,31.01
2024-12-06,Bag,108.0,118.84,41.38,17.15,28.19
2024-12-06,Shoe Leather,281.0,177.88,68.67,29.09,58.46
2024-12-06,Jacket Leather,189.0,410.91,117.79,53.29,98.63
2024-12-06,Wallet,290.0,101.64,31.59,18.21,21.84
2024-12-06,Custom,172.0,233.04,85.86,37.19,62.91
2024-12-07,Belt,263.0,102.46,38.38,19.38,24.94
2024-12-07,Bag,256.0,299.99,105.28,45.06,67.8
2024-12-07,Shoe Leather,56.0,35.37,14.19,6.16,11.47
2024-12-07,Jacket Leather,189.0,402.0,135.46,46.2,96.09
2024-12-07,Wallet,160.0,53.29,16.29,8.41,12.16
2024-12-07,Custom,122.0,175.23,53.36,23.85,40.23
2024-12-08,Belt,97.0,41.08,13.46,6.41,10.71
2024-12-08,Bag,183.0,188.26,73.43,30.15,47.91
2024-12-08,Shoe Leather,209.0,132.7,61.29,22.15,46.82
2024-12-08,Jacket Leather,206.0,377.74,144.84,58.86,118.66
2024-12-08,Wallet,112.0,36.08,10.97,7.08,9.15
2024-12-08,Custom,80.0,106.67,41.27,17.13,28.39
2024-12-09,Belt,127.0,57.28,18.81,8.39,13.31
2024-12-09,Bag,286.0,306.82,127.9,45.85,78.21
2024-12-09,Shoe Leather,67.0,46.73,19.6,6.42,13.87
2024-12-09,Jacket Leather,67.0,146.58,47.63,17.37,39.52
2024-12-09,Wallet,134.0,48.73,15.48,8.07,11.77
2024-12-09,Custom,269.0,361.95,126.36,51.66,84.43
2024-12-10,Belt,49.0,18.7,6.79,3.7,5.72
2024-12-10,Bag,115.0,124.94,47.32,20.71,30.88
2024-12-10,Shoe Leather,204.0,151.8,53.75,23.46,47.07
2024-12-10,Jacket Leather,133.0,257.15,88.72,38.78,69.73
2024-12-10,Wallet,279.0,85.79,27.7,17.09,24.29
2024-12-10,Custom,157.0,212.56,76.61,32.32,52.57
2024-12-11,Belt,209.0,79.23,29.5,14.98,21.95
2024-12-11,Bag,174.0,187.99,64.16,27.42,50.11
2024-12-11,Shoe Leather,59.0,44.01,15.76,6.1,11.79
2024-12-11,Jacket Leather,221.0,481.75,165.73,59.0,116.85
2024-12-11,Wallet,111.0,39.83,10.97,7.05,9.14
2024-12-11,Custom,112.0,152.37,56.1,23.71,35.85
2024-12-12,Belt,113.0,48.34,17.39,8.0,13.18
2024-12-12,Bag,147.0,157.25,58.56,24.46,37.09
2024-12-12,Shoe Leather,232.0,163.36,61.76,22.73,48.93
2024-12-12,Jacket Leather,49.0,93.57,31.77,12.31,27.72
2024-12-12,Wallet,60.0,18.91,6.39,3.75,4.7
2024-12-12,Custom,211.0,275.74,100.51,42.9,66.38
2024-12-13,Belt,181.0,68.56,26.81,12.65,20.25
2024-12-13,Bag,228.0,242.93,98.37,37.62,63.27
2024-12-13,Shoe Leather,224.0,157.13,54.22,21.33,50.92
2024-12-13,Jacket Leather,153.0,320.72,100.66,42.73,84.98
2024-12-13,Wallet,188.0,69.81,19.19,10.1,15.4
2024-12-13,Custom,102.0,140.31,52.99,19.32,31.71
2024-12-14,Belt,64.0,24.78,9.23,4.95,6.3
2024-12-14,Bag,237.0,264.31,102.11,37.72,68.3
2024-12-14,Shoe Leather,228.0,163.97,58.61,24.01,51.58
2024-12-14,Jacket Leather,88.0,166.91,59.1,25.33,47.32
2024-12-14,Wallet,97.0,31.21,9.2,5.57,7.28
2024-12-14,Custom,272.0,358.63,132.97,59.31,93.38
2024-12-15,Belt,248.0,105.35,36.03,15.73,23.42
2024-12-15,Bag,232.0,265.28,97.29,34.47,62.65
2024-12-15,Shoe Leather,158.0,109.49,46.63,17.25,32.85
2024-12-15,Jacket Leather,270.0,518.51,194.96,80.35,145.0
2024-12-15,Wallet,76.0,27.35,8.4,4.56,6.86
2024-12-15,Custom,101.0,129.24,49.0,18.13,31.3
2024-12-16,Belt,220.0,99.18,32.29,15.81,23.05
2024-12-16,Bag,46.0,47.55,19.6,7.96,13.45
2024-12-16,Shoe Leather,63.0,47.45,18.76,7.2,13.54
2024-12-16,Jacket Leather,63.0,124.37,38.48,16.12,35.64
2024-12-16,Wallet,48.0,17.93,4.63,2.51,4.24
2024-12-16,Custom,161.0,199.89,83.66,34.13,53.8
2024-12-17,Belt,189.0,81.2,24.47,13.06,21.47
2024-12-17,Bag,220.0,243.82,80.91,32.64,64.51
2024-12-17,Shoe Leather,256.0,158.1,70.33,29.19,53.97
2024-12-17,Jacket Leather,239.0,484.91,157.46,59.94,126.65
2024-12-17,Wallet,266.0,91.79,29.12,17.22,22.94
2024-12-17,Custom,92.0,122.94,40.63,20.07,29.31
2024-12-18,Belt,169.0,65.3,24.96,12.15,16.66
2024-12-18,Bag,76.0,80.3,32.93,13.06,20.76
2024-12-18,Shoe Leather,186.0,128.67,48.88,21.52,35.65
2024-12-18,Jacket Leather,153.0,301.61,99.11,38.44,83.4
2024-12-18,Wallet,108.0,38.43,10.39,6.75,9.28
2024-12-18,Custom,153.0,219.1,78.88,30.96,48.9
2024-12-19,Belt,188.0,69.63,23.77,12.87,18.36
2024-12-19,Bag,211.0,248.82,84.93,37.33,51.06
2024-12-19,Shoe Leather,242.0,167.86,63.65,22.99,47.17
2024-12-19,Jacket Leather,262.0,526.68,195.06,65.07,132.83
2024-12-19,Wallet,62.0,20.7,6.21,3.9,5.18
2024-12-19,Custom,300.0,407.58,128.58,59.15,112.94
2024-12-20,Belt,98.0,42.67,13.26,7.01,11.43
2024-12-20,Bag,252.0,298.65,101.12,43.98,69.84
2024-12-20,Shoe Leather,153.0,112.28,43.43,17.64,29.21
2024-12-20,Jacket Leather,298.0,649.63,185.02,73.58,158.69
2024-12-20,Wallet,136.0,44.01,14.4,7.88,11.2
2024-12-20,Custom,256.0,348.42,116.66,54.41,86.24
2024-12-21,Belt,146.0,62.96,21.65,10.63,14.53
2024-12-21,Bag,155.0,170.51,63.69,25.84,41.92
2024-12-21,Shoe Leather,259.0,185.43,71.48,25.51,52.49
2024-12-21,Jacket Leather,200.0,369.43,150.26,59.36,98.09
2024-12-21,Wallet,272.0,99.3,28.54,15.58,21.83
2024-12-21,Custom,218.0,303.54,99.46,44.58,71.44
2024-12-22,Belt,274.0,123.73,39.58,18.19,28.89
2024-12-22,Bag,106.0,103.6,46.7,17.32,27.68
2024-12-22,Shoe Leather,99.0,67.53,29.18,11.26,19.45
2024-12-22,Jacket Leather,300.0,666.89,199.72,76.09,157.58
2024-12-22,Wallet,91.0,28.9,10.47,5.63,8.17
2024-12-22,Custom,143.0,211.0,65.24,25.82,51.38
2024-12-23,Belt,71.0,30.79,10.98,4.85,7.56
2024-12-23,Bag,235.0,249.75,97.97,38.11,69.87
2024-12-23,Shoe Leather,234.0,148.39,56.85,26.88,44.27
2024-12-23,Jacket Leather,88.0,161.52,62.7,22.72,48.48
2024-12-23,Wallet,251.0,81.22,26.53,16.21,21.12
2024-12-23,Custom,77.0,100.61,39.22,14.7,26.59
2024-12-24,Belt,52.0,21.39,8.07,3.27,5.24
2024-12-24,Bag,174.0,198.21,73.21,26.93,41.93
2024-12-24,Shoe Leather,112.0,84.21,32.26,11.74,25.72
2024-12-24,Jacket Leather,69.0,140.19,46.52,18.33,39.25
2024-12-24,Wallet,267.0,99.16,28.5,16.47,20.22
2024-12-24,Custom,111.0,140.86,48.09,22.82,39.14
2024-12-25,Belt,59.0,25.43,9.0,4.43,6.87
2024-12-25,Bag,211.0,235.12,83.31,38.35,54.39
2024-12-25,Shoe Leather,267.0,179.99,65.45,31.16,57.62
2024-12-25,Jacket Leather,255.0,501.2,181.74,72.77,135.26
2024-12-25,Wallet,228.0,81.34,23.7,14.14,17.68
2024-12-25,Custom,97.0,125.32,43.93,19.24,36.27
2024-12-26,Belt,293.0,117.33,42.04,21.6,29.24
2024-12-26,Bag,154.0,167.62,64.77,25.27,40.8
2024-12-26,Shoe Leather,307.0,217.97,77.97,30.78,65.01
2024-12-26,Jacket Leather,134.0,280.95,90.86,36.75,69.32
2024-12-26,Wallet,62.0,20.95,5.95,3.37,4.64
2024-12-26,Custom,302.0,373.34,149.82,54.24,97.55
2024-12-27,Belt,95.0,40.35,12.04,7.23,9.31
2024-12-27,Bag,119.0,131.4,50.83,21.63,30.33
2024-12-27,Shoe Leather,277.0,186.51,68.91,29.23,60.19
2024-12-27,Jacket Leather,164.0,343.53,113.22,44.77,79.72
2024-12-27,Wallet,295.0,109.55,33.68,16.88,22.08
2024-12-27,Custom,265.0,379.14,124.87,56.88,88.08
2024-12-28,Belt,66.0,25.2,9.23,4.63,6.94
2024-12-28,Bag,80.0,84.74,30.93,12.38,23.41
2024-12-28,Shoe Leather,179.0,123.52,49.63,18.85,37.03
2024-12-28,Jacket Leather,213.0,389.65,150.41,56.34,113.68
2024-12-28,Wallet,52.0,17.49,5.5,2.81,4.27
2024-12-28,Custom,172.0,217.06,73.44,36.32,57.77
2024-12-29,Belt,186.0,75.59,25.95,12.88,19.85
2024-12-29,Bag,64.0,67.78,27.27,10.58,18.7
2024-12-29,Shoe Leather,91.0,55.6,24.19,8.98,17.29
2024-12-29,Jacket Leather,132.0,240.11,97.1,33.5,77.63
2024-12-29,Wallet,294.0,110.54,32.2,16.33,25.3
2024-12-29,Custom,101.0,126.7,45.41,19.37,31.86
2024-12-30,Belt,277.0,119.4,40.29,20.49,29.18
2024-12-30,Bag,293.0,348.33,116.01,44.23,80.26
2024-12-30,Shoe Leather,148.0,111.39,41.81,15.7,29.16
2024-12-30,Jacket Leather,81.0,150.7,57.44,23.0,48.23
2024-12-30,Wallet,283.0,103.91,30.74,16.52,24.11
2024-12-30,Custom,290.0,366.08,129.3,58.04,95.19
